"HDI Rank,""Country"",""1990"","""",""1991"","""",""1992"","""",""1993"","""",""1994"","""",""1995"","""",""1996"","""",""1997"","""",""1998"","""",""1999"","""",""2000"","""",""2001"","""",""2002"","""",""2003"","""",""2004"","""",""2005"","""",""2006"","""",""2007"","""",""2008"","""",""2009"","""",""2010"","""",""2011"","""",""2012"","""",""2013"","""",""2014"","""",""2015"","""",""2016"","""",""2017"","""",""2018"","""",""2019"","""""
"169,"" Afghanistan"",""0.467"","""",""0.477"","""",""0.487"","""",""0.496"","""",""0.505"","""",""0.514"","""",""0.522"","""",""0.530"","""",""0.537"","""",""0.544"","""",""0.551"","""",""0.559"","""",""0.566"","""",""0.573"","""",""0.581"","""",""0.589"","""",""0.597"","""",""0.606"","""",""0.614"","""",""0.623"","""",""0.631"","""",""0.639"","""",""0.647"","""",""0.654"","""",""0.661"","""",""0.667"","""",""0.673"","""",""0.679"","""",""0.684"","""",""0.690"","""""
"69,"" Albania"",""0.797"","""",""0.797"","""",""0.797"","""",""0.798"","""",""0.800"","""",""0.803"","""",""0.808"","""",""0.813"","""",""0.819"","""",""0.824"","""",""0.830"","""",""0.835"","""",""0.840"","""",""0.844"","""",""0.847"","""",""0.850"","""",""0.853"","""",""0.856"","""",""0.860"","""",""0.865"","""",""0.870"","""",""0.876"","""",""0.881"","""",""0.885"","""",""0.889"","""",""0.893"","""",""0.895"","""",""0.897"","""",""0.899"","""",""0.901"","""""
"91,"" Algeria"",""0.722"","""",""0.727"","""",""0.732"","""",""0.737"","""",""0.741"","""",""0.747"","""",""0.753"","""",""0.759"","""",""0.765"","""",""0.772"","""",""0.779"","""",""0.786"","""",""0.794"","""",""0.802"","""",""0.809"","""",""0.817"","""",""0.823"","""",""0.830"","""",""0.836"","""",""0.841"","""",""0.845"","""",""0.849"","""",""0.853"","""",""0.856"","""",""0.860"","""",""0.863"","""",""0.866"","""",""0.869"","""",""0.872"","""",""0.875"","""""
"36,"" Andorra"",""0.870"","""",""0.872"","""",""0.875"","""",""0.877"","""",""0.880"","""",""0.883"","""",""0.887"","""",""0.891"","""",""0.896"","""",""0.900"","""",""0.906"","""",""0.911"","""",""0.915"","""",""0.920"","""",""0.923"","""",""0.926"","""",""0.928"","""",""0.930"","""",""0.932"","""",""0.934"","""",""0.936"","""",""0.937"","""",""0.939"","""",""0.941"","""",""0.943"","""",""0.945"","""",""0.947"","""",""0.949"","""",""0.951"","""",""0.952"","""""
"148,"" Angola"",""0.389"","""",""0.389"","""",""0.388"","""",""0.388"","""",""0.388"","""",""0.388"","""",""0.390"","""",""0.393"","""",""0.396"","""",""0.401"","""",""0.408"","""",""0.416"","""",""0.426"","""",""0.438"","""",""0.450"","""",""0.464"","""",""0.479"","""",""0.495"","""",""0.511"","""",""0.528"","""",""0.544"","""",""0.559"","""",""0.573"","""",""0.585"","""",""0.597"","""",""0.606"","""",""0.614"","""",""0.621"","""",""0.627"","""",""0.633"","""""
"78,"" Antigua and Barbuda"",""0.793"","""",""0.796"","""",""0.800"","""",""0.804"","""",""0.808"","""",""0.811"","""",""0.815"","""",""0.819"","""",""0.823"","""",""0.826"","""",""0.830"","""",""0.833"","""",""0.837"","""",""0.840"","""",""0.843"","""",""0.846"","""",""0.849"","""",""0.852"","""",""0.854"","""",""0.857"","""",""0.859"","""",""0.861"","""",""0.863"","""",""0.865"","""",""0.867"","""",""0.869"","""",""0.871"","""",""0.873"","""",""0.875"","""",""0.877"","""""
"46,"" Argentina"",""0.794"","""",""0.797"","""",""0.801"","""",""0.804"","""",""0.807"","""",""0.810"","""",""0.813"","""",""0.816"","""",""0.819"","""",""0.821"","""",""0.824"","""",""0.827"","""",""0.830"","""",""0.832"","""",""0.835"","""",""0.838"","""",""0.840"","""",""0.843"","""",""0.845"","""",""0.848"","""",""0.850"","""",""0.853"","""",""0.855"","""",""0.858"","""",""0.860"","""",""0.863"","""",""0.865"","""",""0.867"","""",""0.870"","""",""0.872"","""""
"81,"" Armenia"",""0.737"","""",""0.736"","""",""0.738"","""",""0.742"","""",""0.747"","""",""0.753"","""",""0.760"","""",""0.768"","""",""0.776"","""",""0.784"","""",""0.791"","""",""0.797"","""",""0.802"","""",""0.805"","""",""0.808"","""",""0.810"","""",""0.811"","""",""0.813"","""",""0.815"","""",""0.817"","""",""0.820"","""",""0.824"","""",""0.828"","""",""0.832"","""",""0.835"","""",""0.838"","""",""0.841"","""",""0.843"","""",""0.845"","""",""0.848"","""""
"8,"" Australia"",""0.876"","""",""0.880"","""",""0.885"","""",""0.889"","""",""0.893"","""",""0.896"","""",""0.900"","""",""0.904"","""",""0.908"","""",""0.912"","""",""0.917"","""",""0.921"","""",""0.926"","""",""0.930"","""",""0.934"","""",""0.938"","""",""0.941"","""",""0.944"","""",""0.947"","""",""0.950"","""",""0.953"","""",""0.956"","""",""0.958"","""",""0.961"","""",""0.964"","""",""0.966"","""",""0.969"","""",""0.971"","""",""0.974"","""",""0.976"","""""
"18,"" Austria"",""0.855"","""",""0.859"","""",""0.863"","""",""0.866"","""",""0.870"","""",""0.874"","""",""0.878"","""",""0.883"","""",""0.887"","""",""0.892"","""",""0.896"","""",""0.900"","""",""0.904"","""",""0.909"","""",""0.913"","""",""0.916"","""",""0.920"","""",""0.924"","""",""0.927"","""",""0.930"","""",""0.933"","""",""0.935"","""",""0.937"","""",""0.939"","""",""0.940"","""",""0.941"","""",""0.942"","""",""0.944"","""",""0.945"","""",""0.947"","""""
"88,"" Azerbaijan"",""0.690"","""",""0.688"","""",""0.688"","""",""0.689"","""",""0.692"","""",""0.696"","""",""0.701"","""",""0.706"","""",""0.711"","""",""0.715"","""",""0.719"","""",""0.724"","""",""0.729"","""",""0.735"","""",""0.742"","""",""0.750"","""",""0.758"","""",""0.765"","""",""0.772"","""",""0.778"","""",""0.784"","""",""0.788"","""",""0.792"","""",""0.796"","""",""0.800"","""",""0.804"","""",""0.808"","""",""0.811"","""",""0.813"","""",""0.816"","""""
"58,"" Bahamas"",""0.772"","""",""0.777"","""",""0.782"","""",""0.786"","""",""0.789"","""",""0.792"","""",""0.794"","""",""0.795"","""",""0.797"","""",""0.798"","""",""0.799"","""",""0.799"","""",""0.800"","""",""0.800"","""",""0.800"","""",""0.800"","""",""0.800"","""",""0.800"","""",""0.800"","""",""0.801"","""",""0.802"","""",""0.804"","""",""0.807"","""",""0.810"","""",""0.813"","""",""0.817"","""",""0.820"","""",""0.824"","""",""0.827"","""",""0.830"","""""
"42,"" Bahrain"",""0.806"","""",""0.809"","""",""0.812"","""",""0.815"","""",""0.819"","""",""0.822"","""",""0.825"","""",""0.828"","""",""0.831"","""",""0.834"","""",""0.838"","""",""0.841"","""",""0.843"","""",""0.846"","""",""0.849"","""",""0.851"","""",""0.854"","""",""0.856"","""",""0.858"","""",""0.860"","""",""0.862"","""",""0.865"","""",""0.867"","""",""0.869"","""",""0.871"","""",""0.873"","""",""0.875"","""",""0.877"","""",""0.879"","""",""0.881"","""""
"133,"" Bangladesh"",""0.588"","""",""0.598"","""",""0.610"","""",""0.621"","""",""0.634"","""",""0.646"","""",""0.658"","""",""0.670"","""",""0.681"","""",""0.690"","""",""0.699"","""",""0.707"","""",""0.714"","""",""0.721"","""",""0.728"","""",""0.735"","""",""0.742"","""",""0.748"","""",""0.755"","""",""0.761"","""",""0.767"","""",""0.773"","""",""0.779"","""",""0.784"","""",""0.788"","""",""0.793"","""",""0.797"","""",""0.801"","""",""0.805"","""",""0.809"","""""
"58,"" Barbados"",""0.842"","""",""0.845"","""",""0.848"","""",""0.851"","""",""0.855"","""",""0.859"","""",""0.864"","""",""0.868"","""",""0.872"","""",""0.876"","""",""0.879"","""",""0.883"","""",""0.885"","""",""0.887"","""",""0.889"","""",""0.891"","""",""0.892"","""",""0.894"","""",""0.895"","""",""0.897"","""",""0.898"","""",""0.899"","""",""0.901"","""",""0.902"","""",""0.903"","""",""0.905"","""",""0.906"","""",""0.907"","""",""0.909"","""",""0.911"","""""
"53,"" Belarus"",""0.779"","""",""0.773"","""",""0.765"","""",""0.757"","""",""0.750"","""",""0.743"","""",""0.737"","""",""0.733"","""",""0.730"","""",""0.728"","""",""0.729"","""",""0.730"","""",""0.733"","""",""0.736"","""",""0.739"","""",""0.744"","""",""0.749"","""",""0.756"","""",""0.763"","""",""0.772"","""",""0.782"","""",""0.791"","""",""0.801"","""",""0.810"","""",""0.818"","""",""0.825"","""",""0.831"","""",""0.836"","""",""0.840"","""",""0.843"","""""
"14,"" Belgium"",""0.859"","""",""0.863"","""",""0.866"","""",""0.869"","""",""0.872"","""",""0.876"","""",""0.878"","""",""0.881"","""",""0.884"","""",""0.887"","""",""0.890"","""",""0.893"","""",""0.897"","""",""0.900"","""",""0.904"","""",""0.907"","""",""0.911"","""",""0.914"","""",""0.918"","""",""0.921"","""",""0.924"","""",""0.927"","""",""0.930"","""",""0.933"","""",""0.935"","""",""0.938"","""",""0.941"","""",""0.943"","""",""0.946"","""",""0.948"","""""
"110,"" Belize"",""0.788"","""",""0.785"","""",""0.779"","""",""0.773"","""",""0.767"","""",""0.761"","""",""0.755"","""",""0.752"","""",""0.750"","""",""0.750"","""",""0.752"","""",""0.754"","""",""0.758"","""",""0.762"","""",""0.765"","""",""0.769"","""",""0.774"","""",""0.779"","""",""0.786"","""",""0.793"","""",""0.801"","""",""0.809"","""",""0.816"","""",""0.822"","""",""0.827"","""",""0.831"","""",""0.834"","""",""0.836"","""",""0.838"","""",""0.840"","""""
"158,"" Benin"",""0.520"","""",""0.529"","""",""0.535"","""",""0.539"","""",""0.541"","""",""0.542"","""",""0.541"","""",""0.541"","""",""0.541"","""",""0.542"","""",""0.544"","""",""0.549"","""",""0.554"","""",""0.561"","""",""0.568"","""",""0.575"","""",""0.582"","""",""0.589"","""",""0.595"","""",""0.600"","""",""0.605"","""",""0.609"","""",""0.613"","""",""0.617"","""",""0.621"","""",""0.625"","""",""0.629"","""",""0.633"","""",""0.638"","""",""0.643"","""""
"129,"" Bhutan"",""0.506"","""",""0.517"","""",""0.529"","""",""0.540"","""",""0.552"","""",""0.564"","""",""0.576"","""",""0.588"","""",""0.601"","""",""0.615"","""",""0.629"","""",""0.643"","""",""0.657"","""",""0.671"","""",""0.684"","""",""0.697"","""",""0.708"","""",""0.719"","""",""0.728"","""",""0.737"","""",""0.744"","""",""0.751"","""",""0.758"","""",""0.764"","""",""0.770"","""",""0.776"","""",""0.781"","""",""0.787"","""",""0.792"","""",""0.797"","""""
"107,"" Bolivia (Plurinational State of)"",""0.555"","""",""0.565"","""",""0.575"","""",""0.584"","""",""0.594"","""",""0.604"","""",""0.614"","""",""0.624"","""",""0.634"","""",""0.644"","""",""0.653"","""",""0.662"","""",""0.671"","""",""0.680"","""",""0.689"","""",""0.697"","""",""0.705"","""",""0.714"","""",""0.722"","""",""0.730"","""",""0.739"","""",""0.746"","""",""0.754"","""",""0.761"","""",""0.768"","""",""0.774"","""",""0.779"","""",""0.784"","""",""0.788"","""",""0.792"","""""
"73,"" Bosnia and Herzegovina"",""0.783"","""",""0.779"","""",""0.778"","""",""0.780"","""",""0.786"","""",""0.795"","""",""0.805"","""",""0.815"","""",""0.824"","""",""0.832"","""",""0.837"","""",""0.841"","""",""0.843"","""",""0.845"","""",""0.847"","""",""0.849"","""",""0.851"","""",""0.854"","""",""0.856"","""",""0.859"","""",""0.862"","""",""0.865"","""",""0.868"","""",""0.870"","""",""0.873"","""",""0.875"","""",""0.877"","""",""0.879"","""",""0.881"","""",""0.883"","""""
"100,"" Botswana"",""0.603"","""",""0.588"","""",""0.573"","""",""0.557"","""",""0.543"","""",""0.529"","""",""0.517"","""",""0.504"","""",""0.492"","""",""0.480"","""",""0.471"","""",""0.466"","""",""0.465"","""",""0.470"","""",""0.479"","""",""0.494"","""",""0.514"","""",""0.538"","""",""0.564"","""",""0.592"","""",""0.619"","""",""0.645"","""",""0.669"","""",""0.692"","""",""0.712"","""",""0.728"","""",""0.741"","""",""0.751"","""",""0.758"","""",""0.763"","""""
"84,"" Brazil"",""0.713"","""",""0.719"","""",""0.725"","""",""0.731"","""",""0.737"","""",""0.743"","""",""0.749"","""",""0.755"","""",""0.760"","""",""0.766"","""",""0.771"","""",""0.776"","""",""0.782"","""",""0.787"","""",""0.793"","""",""0.798"","""",""0.804"","""",""0.810"","""",""0.815"","""",""0.820"","""",""0.825"","""",""0.830"","""",""0.834"","""",""0.838"","""",""0.842"","""",""0.846"","""",""0.850"","""",""0.853"","""",""0.857"","""",""0.860"","""""
"47,"" Brunei Darussalam"",""0.772"","""",""0.776"","""",""0.780"","""",""0.784"","""",""0.788"","""",""0.792"","""",""0.796"","""",""0.800"","""",""0.804"","""",""0.808"","""",""0.812"","""",""0.817"","""",""0.821"","""",""0.824"","""",""0.828"","""",""0.831"","""",""0.834"","""",""0.836"","""",""0.838"","""",""0.840"","""",""0.842"","""",""0.844"","""",""0.846"","""",""0.847"","""",""0.849"","""",""0.851"","""",""0.853"","""",""0.855"","""",""0.857"","""",""0.859"","""""
"56,"" Bulgaria"",""0.789"","""",""0.788"","""",""0.787"","""",""0.785"","""",""0.784"","""",""0.784"","""",""0.784"","""",""0.785"","""",""0.786"","""",""0.789"","""",""0.792"","""",""0.796"","""",""0.800"","""",""0.804"","""",""0.807"","""",""0.810"","""",""0.813"","""",""0.817"","""",""0.820"","""",""0.823"","""",""0.827"","""",""0.830"","""",""0.833"","""",""0.835"","""",""0.838"","""",""0.840"","""",""0.842"","""",""0.843"","""",""0.845"","""",""0.847"","""""
"182,"" Burkina Faso"",""0.453"","""",""0.452"","""",""0.452"","""",""0.452"","""",""0.452"","""",""0.453"","""",""0.455"","""",""0.457"","""",""0.460"","""",""0.464"","""",""0.469"","""",""0.475"","""",""0.483"","""",""0.492"","""",""0.502"","""",""0.512"","""",""0.524"","""",""0.536"","""",""0.548"","""",""0.560"","""",""0.571"","""",""0.581"","""",""0.590"","""",""0.599"","""",""0.607"","""",""0.614"","""",""0.621"","""",""0.627"","""",""0.633"","""",""0.640"","""""
"185,"" Burundi"",""0.428"","""",""0.423"","""",""0.419"","""",""0.415"","""",""0.412"","""",""0.412"","""",""0.414"","""",""0.419"","""",""0.426"","""",""0.436"","""",""0.448"","""",""0.460"","""",""0.474"","""",""0.488"","""",""0.501"","""",""0.513"","""",""0.526"","""",""0.538"","""",""0.550"","""",""0.561"","""",""0.573"","""",""0.583"","""",""0.593"","""",""0.602"","""",""0.610"","""",""0.617"","""",""0.624"","""",""0.629"","""",""0.635"","""",""0.640"","""""
"126,"" Cabo Verde"",""0.687"","""",""0.692"","""",""0.697"","""",""0.702"","""",""0.706"","""",""0.711"","""",""0.717"","""",""0.723"","""",""0.731"","""",""0.739"","""",""0.747"","""",""0.755"","""",""0.762"","""",""0.768"","""",""0.773"","""",""0.776"","""",""0.778"","""",""0.780"","""",""0.781"","""",""0.783"","""",""0.786"","""",""0.788"","""",""0.791"","""",""0.795"","""",""0.798"","""",""0.802"","""",""0.805"","""",""0.809"","""",""0.812"","""",""0.815"","""""
"144,"" Cambodia"",""0.517"","""",""0.522"","""",""0.527"","""",""0.531"","""",""0.536"","""",""0.541"","""",""0.549"","""",""0.557"","""",""0.567"","""",""0.579"","""",""0.591"","""",""0.605"","""",""0.620"","""",""0.634"","""",""0.649"","""",""0.663"","""",""0.676"","""",""0.688"","""",""0.698"","""",""0.708"","""",""0.716"","""",""0.724"","""",""0.730"","""",""0.737"","""",""0.743"","""",""0.748"","""",""0.754"","""",""0.758"","""",""0.763"","""",""0.766"","""""
"153,"" Cameroon"",""0.513"","""",""0.509"","""",""0.504"","""",""0.498"","""",""0.491"","""",""0.485"","""",""0.481"","""",""0.477"","""",""0.475"","""",""0.475"","""",""0.477"","""",""0.480"","""",""0.485"","""",""0.491"","""",""0.497"","""",""0.504"","""",""0.511"","""",""0.518"","""",""0.525"","""",""0.533"","""",""0.540"","""",""0.547"","""",""0.555"","""",""0.563"","""",""0.571"","""",""0.578"","""",""0.586"","""",""0.592"","""",""0.599"","""",""0.604"","""""
"16,"" Canada"",""0.882"","""",""0.884"","""",""0.887"","""",""0.890"","""",""0.892"","""",""0.895"","""",""0.897"","""",""0.900"","""",""0.903"","""",""0.906"","""",""0.910"","""",""0.913"","""",""0.916"","""",""0.920"","""",""0.923"","""",""0.927"","""",""0.930"","""",""0.933"","""",""0.937"","""",""0.940"","""",""0.943"","""",""0.946"","""",""0.949"","""",""0.951"","""",""0.953"","""",""0.954"","""",""0.956"","""",""0.957"","""",""0.959"","""",""0.960"","""""
"188,"" Central African Republic"",""0.448"","""",""0.442"","""",""0.435"","""",""0.427"","""",""0.418"","""",""0.408"","""",""0.399"","""",""0.390"","""",""0.382"","""",""0.376"","""",""0.372"","""",""0.370"","""",""0.370"","""",""0.372"","""",""0.376"","""",""0.381"","""",""0.387"","""",""0.394"","""",""0.402"","""",""0.411"","""",""0.420"","""",""0.430"","""",""0.441"","""",""0.452"","""",""0.464"","""",""0.475"","""",""0.486"","""",""0.496"","""",""0.505"","""",""0.512"","""""
"187,"" Chad"",""0.416"","""",""0.417"","""",""0.418"","""",""0.419"","""",""0.421"","""",""0.422"","""",""0.423"","""",""0.424"","""",""0.425"","""",""0.426"","""",""0.426"","""",""0.428"","""",""0.429"","""",""0.432"","""",""0.435"","""",""0.439"","""",""0.445"","""",""0.451"","""",""0.459"","""",""0.467"","""",""0.475"","""",""0.483"","""",""0.491"","""",""0.498"","""",""0.504"","""",""0.510"","""",""0.514"","""",""0.519"","""",""0.523"","""",""0.527"","""""
"43,"" Chile"",""0.823"","""",""0.828"","""",""0.832"","""",""0.837"","""",""0.841"","""",""0.846"","""",""0.850"","""",""0.854"","""",""0.859"","""",""0.863"","""",""0.867"","""",""0.871"","""",""0.875"","""",""0.879"","""",""0.883"","""",""0.887"","""",""0.890"","""",""0.894"","""",""0.897"","""",""0.901"","""",""0.904"","""",""0.907"","""",""0.910"","""",""0.913"","""",""0.915"","""",""0.918"","""",""0.920"","""",""0.922"","""",""0.924"","""",""0.926"","""""
"85,"" China"",""0.756"","""",""0.758"","""",""0.759"","""",""0.761"","""",""0.764"","""",""0.767"","""",""0.771"","""",""0.776"","""",""0.781"","""",""0.786"","""",""0.791"","""",""0.796"","""",""0.801"","""",""0.806"","""",""0.811"","""",""0.815"","""",""0.820"","""",""0.824"","""",""0.828"","""",""0.833"","""",""0.837"","""",""0.842"","""",""0.846"","""",""0.851"","""",""0.856"","""",""0.860"","""",""0.865"","""",""0.869"","""",""0.872"","""",""0.876"","""""
"83,"" Colombia"",""0.765"","""",""0.768"","""",""0.772"","""",""0.776"","""",""0.781"","""",""0.786"","""",""0.792"","""",""0.798"","""",""0.804"","""",""0.810"","""",""0.815"","""",""0.819"","""",""0.823"","""",""0.827"","""",""0.831"","""",""0.835"","""",""0.838"","""",""0.842"","""",""0.846"","""",""0.849"","""",""0.853"","""",""0.856"","""",""0.860"","""",""0.863"","""",""0.867"","""",""0.870"","""",""0.873"","""",""0.876"","""",""0.879"","""",""0.881"","""""
"156,"" Comoros"",""0.564"","""",""0.572"","""",""0.579"","""",""0.585"","""",""0.591"","""",""0.596"","""",""0.600"","""",""0.602"","""",""0.605"","""",""0.606"","""",""0.607"","""",""0.608"","""",""0.610"","""",""0.611"","""",""0.614"","""",""0.617"","""",""0.622"","""",""0.627"","""",""0.632"","""",""0.638"","""",""0.644"","""",""0.650"","""",""0.655"","""",""0.660"","""",""0.665"","""",""0.669"","""",""0.672"","""",""0.676"","""",""0.679"","""",""0.682"","""""
"149,"" Congo"",""0.533"","""",""0.527"","""",""0.521"","""",""0.514"","""",""0.507"","""",""0.501"","""",""0.496"","""",""0.493"","""",""0.491"","""",""0.491"","""",""0.494"","""",""0.500"","""",""0.509"","""",""0.520"","""",""0.533"","""",""0.548"","""",""0.563"","""",""0.578"","""",""0.592"","""",""0.605"","""",""0.617"","""",""0.627"","""",""0.637"","""",""0.647"","""",""0.655"","""",""0.663"","""",""0.670"","""",""0.676"","""",""0.681"","""",""0.686"","""""
"175,"" Congo (Democratic Republic of the)"",""0.447"","""",""0.450"","""",""0.451"","""",""0.451"","""",""0.450"","""",""0.448"","""",""0.447"","""",""0.447"","""",""0.450"","""",""0.455"","""",""0.462"","""",""0.472"","""",""0.483"","""",""0.495"","""",""0.506"","""",""0.518"","""",""0.529"","""",""0.540"","""",""0.550"","""",""0.559"","""",""0.568"","""",""0.576"","""",""0.583"","""",""0.590"","""",""0.597"","""",""0.604"","""",""0.610"","""",""0.616"","""",""0.621"","""",""0.626"","""""
"62,"" Costa Rica"",""0.856"","""",""0.859"","""",""0.862"","""",""0.865"","""",""0.868"","""",""0.870"","""",""0.873"","""",""0.876"","""",""0.879"","""",""0.881"","""",""0.884"","""",""0.886"","""",""0.888"","""",""0.890"","""",""0.892"","""",""0.894"","""",""0.896"","""",""0.898"","""",""0.900"","""",""0.902"","""",""0.904"","""",""0.906"","""",""0.909"","""",""0.911"","""",""0.914"","""",""0.916"","""",""0.919"","""",""0.922"","""",""0.925"","""",""0.927"","""""
"43,"" Croatia"",""0.805"","""",""0.808"","""",""0.812"","""",""0.817"","""",""0.821"","""",""0.827"","""",""0.831"","""",""0.836"","""",""0.839"","""",""0.841"","""",""0.843"","""",""0.844"","""",""0.846"","""",""0.848"","""",""0.850"","""",""0.853"","""",""0.857"","""",""0.861"","""",""0.865"","""",""0.870"","""",""0.874"","""",""0.878"","""",""0.882"","""",""0.885"","""",""0.888"","""",""0.891"","""",""0.893"","""",""0.895"","""",""0.898"","""",""0.900"","""""
"70,"" Cuba"",""0.841"","""",""0.841"","""",""0.843"","""",""0.846"","""",""0.849"","""",""0.853"","""",""0.857"","""",""0.861"","""",""0.865"","""",""0.869"","""",""0.872"","""",""0.875"","""",""0.879"","""",""0.882"","""",""0.885"","""",""0.888"","""",""0.890"","""",""0.893"","""",""0.895"","""",""0.896"","""",""0.898"","""",""0.898"","""",""0.899"","""",""0.900"","""",""0.900"","""",""0.901"","""",""0.902"","""",""0.903"","""",""0.903"","""",""0.905"","""""
"33,"" Cyprus"",""0.870"","""",""0.873"","""",""0.875"","""",""0.877"","""",""0.879"","""",""0.882"","""",""0.884"","""",""0.886"","""",""0.888"","""",""0.890"","""",""0.892"","""",""0.894"","""",""0.896"","""",""0.898"","""",""0.900"","""",""0.902"","""",""0.904"","""",""0.906"","""",""0.909"","""",""0.911"","""",""0.914"","""",""0.917"","""",""0.920"","""",""0.923"","""",""0.926"","""",""0.928"","""",""0.931"","""",""0.933"","""",""0.936"","""",""0.938"","""""
"27,"" Czechia"",""0.798"","""",""0.802"","""",""0.806"","""",""0.810"","""",""0.815"","""",""0.821"","""",""0.826"","""",""0.831"","""",""0.836"","""",""0.840"","""",""0.845"","""",""0.849"","""",""0.853"","""",""0.857"","""",""0.861"","""",""0.866"","""",""0.870"","""",""0.874"","""",""0.879"","""",""0.883"","""",""0.886"","""",""0.890"","""",""0.893"","""",""0.897"","""",""0.900"","""",""0.903"","""",""0.906"","""",""0.909"","""",""0.911"","""",""0.914"","""""
"162,"" Côte d'Ivoire"",""0.512"","""",""0.509"","""",""0.504"","""",""0.499"","""",""0.493"","""",""0.486"","""",""0.479"","""",""0.472"","""",""0.465"","""",""0.460"","""",""0.456"","""",""0.454"","""",""0.453"","""",""0.455"","""",""0.458"","""",""0.463"","""",""0.470"","""",""0.478"","""",""0.487"","""",""0.497"","""",""0.507"","""",""0.517"","""",""0.527"","""",""0.537"","""",""0.546"","""",""0.555"","""",""0.563"","""",""0.570"","""",""0.576"","""",""0.581"","""""
"10,"" Denmark"",""0.845"","""",""0.847"","""",""0.849"","""",""0.851"","""",""0.853"","""",""0.856"","""",""0.859"","""",""0.862"","""",""0.865"","""",""0.869"","""",""0.873"","""",""0.876"","""",""0.880"","""",""0.884"","""",""0.887"","""",""0.891"","""",""0.895"","""",""0.900"","""",""0.905"","""",""0.909"","""",""0.914"","""",""0.919"","""",""0.922"","""",""0.926"","""",""0.928"","""",""0.930"","""",""0.932"","""",""0.934"","""",""0.935"","""",""0.937"","""""
"166,"" Djibouti"",""0.564"","""",""0.567"","""",""0.568"","""",""0.570"","""",""0.570"","""",""0.570"","""",""0.570"","""",""0.570"","""",""0.569"","""",""0.569"","""",""0.570"","""",""0.571"","""",""0.573"","""",""0.576"","""",""0.580"","""",""0.584"","""",""0.590"","""",""0.596"","""",""0.602"","""",""0.609"","""",""0.616"","""",""0.626"","""",""0.637"","""",""0.650"","""",""0.664"","""",""0.679"","""",""0.693"","""",""0.706"","""",""0.717"","""",""0.725"","""""
"94,"" Dominica"",""0.856"","""",""0.860"","""",""0.863"","""",""0.865"","""",""0.866"","""",""0.866"","""",""0.866"","""",""0.867"","""",""0.867"","""",""0.868"","""",""0.869"","""",""0.870"","""",""0.872"","""",""0.873"","""",""0.875"","""",""0.876"","""",""0.877"","""",""0.879"","""",""0.880"","""",""0.881"","""",""0.883"","""",""0.884"","""",""0.886"","""",""0.887"","""",""0.889"","""",""0.890"","""",""0.891"","""",""0.893"","""",""0.894"","""",""0.896"","""""
"88,"" Dominican Republic"",""0.717"","""",""0.722"","""",""0.727"","""",""0.732"","""",""0.737"","""",""0.741"","""",""0.745"","""",""0.749"","""",""0.753"","""",""0.757"","""",""0.760"","""",""0.764"","""",""0.769"","""",""0.773"","""",""0.777"","""",""0.781"","""",""0.785"","""",""0.789"","""",""0.793"","""",""0.797"","""",""0.801"","""",""0.804"","""",""0.808"","""",""0.812"","""",""0.815"","""",""0.819"","""",""0.823"","""",""0.826"","""",""0.829"","""",""0.832"","""""
"86,"" Ecuador"",""0.752"","""",""0.759"","""",""0.766"","""",""0.772"","""",""0.778"","""",""0.784"","""",""0.790"","""",""0.796"","""",""0.801"","""",""0.807"","""",""0.812"","""",""0.817"","""",""0.821"","""",""0.825"","""",""0.829"","""",""0.833"","""",""0.836"","""",""0.839"","""",""0.842"","""",""0.845"","""",""0.848"","""",""0.851"","""",""0.854"","""",""0.857"","""",""0.860"","""",""0.864"","""",""0.867"","""",""0.871"","""",""0.874"","""",""0.877"","""""
"116,"" Egypt"",""0.686"","""",""0.692"","""",""0.698"","""",""0.705"","""",""0.712"","""",""0.720"","""",""0.727"","""",""0.734"","""",""0.739"","""",""0.744"","""",""0.748"","""",""0.751"","""",""0.753"","""",""0.756"","""",""0.758"","""",""0.761"","""",""0.763"","""",""0.766"","""",""0.769"","""",""0.772"","""",""0.775"","""",""0.778"","""",""0.781"","""",""0.784"","""",""0.786"","""",""0.789"","""",""0.792"","""",""0.795"","""",""0.797"","""",""0.800"","""""
"124,"" El Salvador"",""0.677"","""",""0.690"","""",""0.702"","""",""0.712"","""",""0.720"","""",""0.727"","""",""0.733"","""",""0.738"","""",""0.743"","""",""0.747"","""",""0.752"","""",""0.756"","""",""0.761"","""",""0.764"","""",""0.768"","""",""0.771"","""",""0.774"","""",""0.778"","""",""0.781"","""",""0.784"","""",""0.788"","""",""0.792"","""",""0.795"","""",""0.799"","""",""0.803"","""",""0.806"","""",""0.810"","""",""0.813"","""",""0.817"","""",""0.820"","""""
"145,"" Equatorial Guinea"",""0.443"","""",""0.450"","""",""0.457"","""",""0.465"","""",""0.472"","""",""0.480"","""",""0.487"","""",""0.494"","""",""0.501"","""",""0.507"","""",""0.512"","""",""0.517"","""",""0.521"","""",""0.524"","""",""0.527"","""",""0.530"","""",""0.533"","""",""0.536"","""",""0.540"","""",""0.544"","""",""0.548"","""",""0.553"","""",""0.558"","""",""0.564"","""",""0.569"","""",""0.575"","""",""0.580"","""",""0.586"","""",""0.591"","""",""0.596"","""""
"180,"" Eritrea"",""0.455"","""",""0.462"","""",""0.470"","""",""0.478"","""",""0.488"","""",""0.497"","""",""0.507"","""",""0.516"","""",""0.525"","""",""0.534"","""",""0.543"","""",""0.552"","""",""0.562"","""",""0.572"","""",""0.584"","""",""0.596"","""",""0.608"","""",""0.619"","""",""0.630"","""",""0.640"","""",""0.649"","""",""0.657"","""",""0.665"","""",""0.673"","""",""0.680"","""",""0.687"","""",""0.694"","""",""0.701"","""",""0.707"","""",""0.713"","""""
"29,"" Estonia"",""0.760"","""",""0.755"","""",""0.751"","""",""0.748"","""",""0.747"","""",""0.749"","""",""0.752"","""",""0.757"","""",""0.763"","""",""0.769"","""",""0.776"","""",""0.782"","""",""0.789"","""",""0.796"","""",""0.803"","""",""0.810"","""",""0.817"","""",""0.825"","""",""0.833"","""",""0.842"","""",""0.851"","""",""0.860"","""",""0.868"","""",""0.876"","""",""0.883"","""",""0.889"","""",""0.894"","""",""0.898"","""",""0.901"","""",""0.904"","""""
"138,"" Eswatini (Kingdom of)"",""0.645"","""",""0.642"","""",""0.633"","""",""0.618"","""",""0.599"","""",""0.576"","""",""0.548"","""",""0.517"","""",""0.485"","""",""0.453"","""",""0.423"","""",""0.397"","""",""0.376"","""",""0.360"","""",""0.350"","""",""0.346"","""",""0.350"","""",""0.359"","""",""0.372"","""",""0.389"","""",""0.409"","""",""0.433"","""",""0.459"","""",""0.488"","""",""0.516"","""",""0.544"","""",""0.569"","""",""0.590"","""",""0.606"","""",""0.618"","""""
"173,"" Ethiopia"",""0.417"","""",""0.423"","""",""0.429"","""",""0.436"","""",""0.443"","""",""0.451"","""",""0.459"","""",""0.466"","""",""0.474"","""",""0.483"","""",""0.491"","""",""0.501"","""",""0.513"","""",""0.526"","""",""0.541"","""",""0.557"","""",""0.574"","""",""0.592"","""",""0.609"","""",""0.625"","""",""0.640"","""",""0.654"","""",""0.666"","""",""0.676"","""",""0.685"","""",""0.693"","""",""0.700"","""",""0.706"","""",""0.711"","""",""0.717"","""""
"93,"" Fiji"",""0.698"","""",""0.697"","""",""0.697"","""",""0.696"","""",""0.695"","""",""0.695"","""",""0.695"","""",""0.696"","""",""0.698"","""",""0.700"","""",""0.703"","""",""0.706"","""",""0.708"","""",""0.710"","""",""0.712"","""",""0.713"","""",""0.713"","""",""0.714"","""",""0.715"","""",""0.716"","""",""0.718"","""",""0.719"","""",""0.721"","""",""0.722"","""",""0.724"","""",""0.725"","""",""0.726"","""",""0.727"","""",""0.728"","""",""0.730"","""""
"11,"" Finland"",""0.850"","""",""0.853"","""",""0.857"","""",""0.861"","""",""0.865"","""",""0.869"","""",""0.873"","""",""0.877"","""",""0.881"","""",""0.885"","""",""0.889"","""",""0.893"","""",""0.897"","""",""0.900"","""",""0.904"","""",""0.907"","""",""0.911"","""",""0.914"","""",""0.918"","""",""0.922"","""",""0.925"","""",""0.929"","""",""0.932"","""",""0.935"","""",""0.939"","""",""0.941"","""",""0.944"","""",""0.947"","""",""0.950"","""",""0.952"","""""
"26,"" France"",""0.873"","""",""0.877"","""",""0.880"","""",""0.884"","""",""0.887"","""",""0.891"","""",""0.894"","""",""0.898"","""",""0.901"","""",""0.904"","""",""0.908"","""",""0.911"","""",""0.915"","""",""0.919"","""",""0.923"","""",""0.928"","""",""0.932"","""",""0.936"","""",""0.940"","""",""0.943"","""",""0.946"","""",""0.949"","""",""0.952"","""",""0.954"","""",""0.956"","""",""0.957"","""",""0.959"","""",""0.961"","""",""0.962"","""",""0.964"","""""
"119,"" Gabon"",""0.630"","""",""0.630"","""",""0.628"","""",""0.626"","""",""0.622"","""",""0.618"","""",""0.613"","""",""0.607"","""",""0.601"","""",""0.595"","""",""0.589"","""",""0.584"","""",""0.581"","""",""0.581"","""",""0.583"","""",""0.587"","""",""0.594"","""",""0.604"","""",""0.614"","""",""0.625"","""",""0.637"","""",""0.649"","""",""0.660"","""",""0.672"","""",""0.682"","""",""0.691"","""",""0.699"","""",""0.705"","""",""0.711"","""",""0.715"","""""
"172,"" Gambia"",""0.496"","""",""0.500"","""",""0.505"","""",""0.510"","""",""0.516"","""",""0.521"","""",""0.528"","""",""0.534"","""",""0.541"","""",""0.547"","""",""0.553"","""",""0.559"","""",""0.566"","""",""0.572"","""",""0.578"","""",""0.584"","""",""0.589"","""",""0.595"","""",""0.600"","""",""0.605"","""",""0.610"","""",""0.614"","""",""0.618"","""",""0.622"","""",""0.626"","""",""0.629"","""",""0.633"","""",""0.638"","""",""0.642"","""",""0.647"","""""
"61,"" Georgia"",""0.775"","""",""0.774"","""",""0.772"","""",""0.769"","""",""0.767"","""",""0.765"","""",""0.764"","""",""0.763"","""",""0.764"","""",""0.765"","""",""0.768"","""",""0.770"","""",""0.773"","""",""0.775"","""",""0.776"","""",""0.778"","""",""0.779"","""",""0.781"","""",""0.784"","""",""0.787"","""",""0.792"","""",""0.797"","""",""0.802"","""",""0.806"","""",""0.811"","""",""0.815"","""",""0.819"","""",""0.822"","""",""0.825"","""",""0.827"","""""
"6,"" Germany"",""0.854"","""",""0.857"","""",""0.860"","""",""0.864"","""",""0.867"","""",""0.871"","""",""0.875"","""",""0.879"","""",""0.884"","""",""0.888"","""",""0.892"","""",""0.896"","""",""0.900"","""",""0.904"","""",""0.908"","""",""0.911"","""",""0.914"","""",""0.917"","""",""0.920"","""",""0.923"","""",""0.925"","""",""0.927"","""",""0.929"","""",""0.931"","""",""0.933"","""",""0.935"","""",""0.937"","""",""0.939"","""",""0.941"","""",""0.944"","""""
"138,"" Ghana"",""0.566"","""",""0.572"","""",""0.576"","""",""0.579"","""",""0.579"","""",""0.577"","""",""0.575"","""",""0.572"","""",""0.570"","""",""0.569"","""",""0.569"","""",""0.572"","""",""0.576"","""",""0.581"","""",""0.588"","""",""0.596"","""",""0.604"","""",""0.611"","""",""0.619"","""",""0.625"","""",""0.631"","""",""0.637"","""",""0.642"","""",""0.647"","""",""0.653"","""",""0.658"","""",""0.663"","""",""0.669"","""",""0.674"","""",""0.678"","""""
"32,"" Greece"",""0.870"","""",""0.875"","""",""0.879"","""",""0.883"","""",""0.886"","""",""0.889"","""",""0.891"","""",""0.893"","""",""0.896"","""",""0.898"","""",""0.901"","""",""0.904"","""",""0.908"","""",""0.911"","""",""0.914"","""",""0.916"","""",""0.919"","""",""0.922"","""",""0.925"","""",""0.928"","""",""0.931"","""",""0.935"","""",""0.938"","""",""0.941"","""",""0.944"","""",""0.947"","""",""0.950"","""",""0.952"","""",""0.955"","""",""0.958"","""""
"74,"" Grenada"",""0.763"","""",""0.768"","""",""0.774"","""",""0.779"","""",""0.785"","""",""0.790"","""",""0.795"","""",""0.799"","""",""0.803"","""",""0.807"","""",""0.810"","""",""0.812"","""",""0.814"","""",""0.816"","""",""0.817"","""",""0.817"","""",""0.817"","""",""0.817"","""",""0.816"","""",""0.815"","""",""0.813"","""",""0.812"","""",""0.810"","""",""0.809"","""",""0.808"","""",""0.807"","""",""0.806"","""",""0.806"","""",""0.806"","""",""0.806"","""""
"127,"" Guatemala"",""0.650"","""",""0.658"","""",""0.667"","""",""0.676"","""",""0.685"","""",""0.694"","""",""0.703"","""",""0.712"","""",""0.720"","""",""0.728"","""",""0.736"","""",""0.743"","""",""0.750"","""",""0.755"","""",""0.761"","""",""0.766"","""",""0.771"","""",""0.776"","""",""0.781"","""",""0.786"","""",""0.792"","""",""0.798"","""",""0.804"","""",""0.809"","""",""0.814"","""",""0.819"","""",""0.824"","""",""0.828"","""",""0.832"","""",""0.835"","""""
"178,"" Guinea"",""0.461"","""",""0.471"","""",""0.478"","""",""0.483"","""",""0.487"","""",""0.488"","""",""0.488"","""",""0.486"","""",""0.484"","""",""0.481"","""",""0.480"","""",""0.481"","""",""0.484"","""",""0.491"","""",""0.500"","""",""0.511"","""",""0.524"","""",""0.536"","""",""0.548"","""",""0.558"","""",""0.567"","""",""0.575"","""",""0.583"","""",""0.592"","""",""0.600"","""",""0.609"","""",""0.618"","""",""0.626"","""",""0.634"","""",""0.640"","""""
"175,"" Guinea-Bissau"",""0.417"","""",""0.422"","""",""0.427"","""",""0.431"","""",""0.436"","""",""0.441"","""",""0.446"","""",""0.451"","""",""0.456"","""",""0.462"","""",""0.467"","""",""0.473"","""",""0.479"","""",""0.485"","""",""0.491"","""",""0.497"","""",""0.503"","""",""0.510"","""",""0.517"","""",""0.525"","""",""0.533"","""",""0.541"","""",""0.548"","""",""0.556"","""",""0.562"","""",""0.569"","""",""0.574"","""",""0.580"","""",""0.585"","""",""0.590"","""""
"122,"" Guyana"",""0.666"","""",""0.668"","""",""0.670"","""",""0.673"","""",""0.675"","""",""0.678"","""",""0.681"","""",""0.684"","""",""0.688"","""",""0.692"","""",""0.696"","""",""0.701"","""",""0.705"","""",""0.710"","""",""0.714"","""",""0.718"","""",""0.723"","""",""0.727"","""",""0.731"","""",""0.735"","""",""0.739"","""",""0.743"","""",""0.747"","""",""0.751"","""",""0.755"","""",""0.758"","""",""0.761"","""",""0.763"","""",""0.766"","""",""0.768"","""""
"170,"" Haiti"",""0.527"","""",""0.532"","""",""0.537"","""",""0.542"","""",""0.547"","""",""0.551"","""",""0.556"","""",""0.560"","""",""0.564"","""",""0.568"","""",""0.571"","""",""0.575"","""",""0.579"","""",""0.584"","""",""0.589"","""",""0.595"","""",""0.600"","""",""0.606"","""",""0.612"","""",""0.618"","""",""0.623"","""",""0.629"","""",""0.635"","""",""0.641"","""",""0.647"","""",""0.654"","""",""0.660"","""",""0.666"","""",""0.672"","""",""0.677"","""""
"132,"" Honduras"",""0.719"","""",""0.726"","""",""0.732"","""",""0.739"","""",""0.745"","""",""0.752"","""",""0.758"","""",""0.764"","""",""0.770"","""",""0.775"","""",""0.780"","""",""0.784"","""",""0.788"","""",""0.792"","""",""0.796"","""",""0.800"","""",""0.804"","""",""0.808"","""",""0.812"","""",""0.816"","""",""0.820"","""",""0.824"","""",""0.828"","""",""0.832"","""",""0.835"","""",""0.838"","""",""0.842"","""",""0.845"","""",""0.848"","""",""0.850"","""""
"4,"" Hong Kong, China (SAR)"",""0.884"","""",""0.888"","""",""0.892"","""",""0.896"","""",""0.902"","""",""0.907"","""",""0.913"","""",""0.919"","""",""0.925"","""",""0.930"","""",""0.935"","""",""0.939"","""",""0.943"","""",""0.947"","""",""0.950"","""",""0.953"","""",""0.956"","""",""0.959"","""",""0.962"","""",""0.965"","""",""0.968"","""",""0.971"","""",""0.974"","""",""0.978"","""",""0.982"","""",""0.985"","""",""0.989"","""",""0.992"","""",""0.995"","""",""0.998"","""""
"40,"" Hungary"",""0.759"","""",""0.759"","""",""0.761"","""",""0.763"","""",""0.766"","""",""0.770"","""",""0.774"","""",""0.780"","""",""0.785"","""",""0.790"","""",""0.796"","""",""0.801"","""",""0.805"","""",""0.810"","""",""0.814"","""",""0.818"","""",""0.822"","""",""0.825"","""",""0.829"","""",""0.834"","""",""0.838"","""",""0.843"","""",""0.848"","""",""0.853"","""",""0.857"","""",""0.862"","""",""0.866"","""",""0.869"","""",""0.872"","""",""0.875"","""""
"4,"" Iceland"",""0.894"","""",""0.896"","""",""0.898"","""",""0.900"","""",""0.902"","""",""0.904"","""",""0.906"","""",""0.909"","""",""0.913"","""",""0.917"","""",""0.921"","""",""0.926"","""",""0.930"","""",""0.934"","""",""0.937"","""",""0.940"","""",""0.942"","""",""0.944"","""",""0.946"","""",""0.949"","""",""0.951"","""",""0.953"","""",""0.955"","""",""0.957"","""",""0.959"","""",""0.961"","""",""0.963"","""",""0.965"","""",""0.967"","""",""0.969"","""""
"131,"" India"",""0.583"","""",""0.590"","""",""0.598"","""",""0.605"","""",""0.613"","""",""0.620"","""",""0.627"","""",""0.634"","""",""0.641"","""",""0.648"","""",""0.654"","""",""0.660"","""",""0.666"","""",""0.672"","""",""0.678"","""",""0.685"","""",""0.691"","""",""0.698"","""",""0.705"","""",""0.711"","""",""0.718"","""",""0.725"","""",""0.731"","""",""0.737"","""",""0.743"","""",""0.748"","""",""0.752"","""",""0.756"","""",""0.760"","""",""0.764"","""""
"107,"" Indonesia"",""0.651"","""",""0.657"","""",""0.664"","""",""0.670"","""",""0.676"","""",""0.681"","""",""0.687"","""",""0.692"","""",""0.696"","""",""0.700"","""",""0.704"","""",""0.708"","""",""0.713"","""",""0.717"","""",""0.723"","""",""0.728"","""",""0.734"","""",""0.740"","""",""0.746"","""",""0.752"","""",""0.757"","""",""0.762"","""",""0.767"","""",""0.772"","""",""0.777"","""",""0.781"","""",""0.785"","""",""0.789"","""",""0.792"","""",""0.796"","""""
"70,"" Iran (Islamic Republic of)"",""0.674"","""",""0.695"","""",""0.711"","""",""0.725"","""",""0.736"","""",""0.744"","""",""0.751"","""",""0.756"","""",""0.761"","""",""0.766"","""",""0.772"","""",""0.778"","""",""0.783"","""",""0.789"","""",""0.794"","""",""0.799"","""",""0.804"","""",""0.810"","""",""0.816"","""",""0.822"","""",""0.829"","""",""0.836"","""",""0.843"","""",""0.849"","""",""0.854"","""",""0.858"","""",""0.862"","""",""0.866"","""",""0.869"","""",""0.872"","""""
"123,"" Iraq"",""0.708"","""",""0.718"","""",""0.726"","""",""0.733"","""",""0.740"","""",""0.745"","""",""0.750"","""",""0.753"","""",""0.755"","""",""0.756"","""",""0.755"","""",""0.754"","""",""0.751"","""",""0.748"","""",""0.745"","""",""0.743"","""",""0.741"","""",""0.740"","""",""0.741"","""",""0.744"","""",""0.747"","""",""0.752"","""",""0.756"","""",""0.761"","""",""0.765"","""",""0.768"","""",""0.771"","""",""0.774"","""",""0.776"","""",""0.778"","""""
"2,"" Ireland"",""0.843"","""",""0.846"","""",""0.849"","""",""0.852"","""",""0.854"","""",""0.856"","""",""0.859"","""",""0.862"","""",""0.865"","""",""0.870"","""",""0.875"","""",""0.880"","""",""0.887"","""",""0.893"","""",""0.899"","""",""0.905"","""",""0.910"","""",""0.915"","""",""0.919"","""",""0.923"","""",""0.926"","""",""0.929"","""",""0.932"","""",""0.936"","""",""0.940"","""",""0.944"","""",""0.948"","""",""0.952"","""",""0.955"","""",""0.959"","""""
"19,"" Israel"",""0.871"","""",""0.874"","""",""0.878"","""",""0.882"","""",""0.885"","""",""0.889"","""",""0.892"","""",""0.895"","""",""0.899"","""",""0.903"","""",""0.906"","""",""0.910"","""",""0.914"","""",""0.919"","""",""0.923"","""",""0.927"","""",""0.931"","""",""0.935"","""",""0.939"","""",""0.942"","""",""0.946"","""",""0.949"","""",""0.951"","""",""0.954"","""",""0.957"","""",""0.959"","""",""0.962"","""",""0.964"","""",""0.966"","""",""0.969"","""""
"29,"" Italy"",""0.876"","""",""0.879"","""",""0.883"","""",""0.886"","""",""0.890"","""",""0.894"","""",""0.898"","""",""0.903"","""",""0.907"","""",""0.912"","""",""0.916"","""",""0.921"","""",""0.925"","""",""0.930"","""",""0.934"","""",""0.938"","""",""0.941"","""",""0.945"","""",""0.948"","""",""0.951"","""",""0.953"","""",""0.956"","""",""0.958"","""",""0.961"","""",""0.964"","""",""0.967"","""",""0.969"","""",""0.972"","""",""0.975"","""",""0.977"","""""
"101,"" Jamaica"",""0.819"","""",""0.823"","""",""0.827"","""",""0.830"","""",""0.832"","""",""0.833"","""",""0.833"","""",""0.833"","""",""0.833"","""",""0.833"","""",""0.833"","""",""0.833"","""",""0.833"","""",""0.833"","""",""0.833"","""",""0.833"","""",""0.833"","""",""0.833"","""",""0.832"","""",""0.832"","""",""0.831"","""",""0.831"","""",""0.831"","""",""0.831"","""",""0.831"","""",""0.832"","""",""0.833"","""",""0.835"","""",""0.836"","""",""0.838"","""""
"19,"" Japan"",""0.908"","""",""0.910"","""",""0.913"","""",""0.916"","""",""0.919"","""",""0.922"","""",""0.926"","""",""0.929"","""",""0.933"","""",""0.937"","""",""0.941"","""",""0.945"","""",""0.949"","""",""0.952"","""",""0.955"","""",""0.958"","""",""0.960"","""",""0.963"","""",""0.965"","""",""0.967"","""",""0.969"","""",""0.971"","""",""0.974"","""",""0.976"","""",""0.980"","""",""0.983"","""",""0.986"","""",""0.989"","""",""0.992"","""",""0.994"","""""
"102,"" Jordan"",""0.767"","""",""0.771"","""",""0.774"","""",""0.777"","""",""0.780"","""",""0.783"","""",""0.785"","""",""0.788"","""",""0.791"","""",""0.793"","""",""0.796"","""",""0.799"","""",""0.801"","""",""0.804"","""",""0.807"","""",""0.809"","""",""0.812"","""",""0.814"","""",""0.817"","""",""0.819"","""",""0.822"","""",""0.824"","""",""0.827"","""",""0.828"","""",""0.830"","""",""0.832"","""",""0.834"","""",""0.835"","""",""0.837"","""",""0.839"","""""
"51,"" Kazakhstan"",""0.720"","""",""0.712"","""",""0.703"","""",""0.694"","""",""0.684"","""",""0.676"","""",""0.670"","""",""0.666"","""",""0.664"","""",""0.665"","""",""0.669"","""",""0.674"","""",""0.679"","""",""0.685"","""",""0.690"","""",""0.696"","""",""0.701"","""",""0.706"","""",""0.713"","""",""0.720"","""",""0.729"","""",""0.739"","""",""0.751"","""",""0.764"","""",""0.777"","""",""0.790"","""",""0.801"","""",""0.811"","""",""0.819"","""",""0.825"","""""
"143,"" Kenya"",""0.575"","""",""0.565"","""",""0.553"","""",""0.541"","""",""0.528"","""",""0.515"","""",""0.503"","""",""0.493"","""",""0.484"","""",""0.478"","""",""0.476"","""",""0.478"","""",""0.486"","""",""0.499"","""",""0.515"","""",""0.534"","""",""0.555"","""",""0.576"","""",""0.596"","""",""0.614"","""",""0.630"","""",""0.644"","""",""0.656"","""",""0.668"","""",""0.679"","""",""0.689"","""",""0.698"","""",""0.706"","""",""0.713"","""",""0.718"","""""
"134,"" Kiribati"",""0.610"","""",""0.616"","""",""0.622"","""",""0.628"","""",""0.634"","""",""0.639"","""",""0.644"","""",""0.649"","""",""0.654"","""",""0.659"","""",""0.664"","""",""0.668"","""",""0.673"","""",""0.677"","""",""0.681"","""",""0.684"","""",""0.688"","""",""0.692"","""",""0.696"","""",""0.700"","""",""0.704"","""",""0.709"","""",""0.714"","""",""0.718"","""",""0.723"","""",""0.728"","""",""0.732"","""",""0.736"","""",""0.740"","""",""0.744"","""""
"..,"" Korea (Democratic People's Rep. of)"",""0.768"","""",""0.767"","""",""0.761"","""",""0.750"","""",""0.734"","""",""0.716"","""",""0.700"","""",""0.689"","""",""0.685"","""",""0.687"","""",""0.696"","""",""0.709"","""",""0.722"","""",""0.733"","""",""0.740"","""",""0.744"","""",""0.747"","""",""0.749"","""",""0.752"","""",""0.757"","""",""0.763"","""",""0.769"","""",""0.776"","""",""0.782"","""",""0.788"","""",""0.792"","""",""0.796"","""",""0.799"","""",""0.801"","""",""0.804"","""""
"23,"" Korea (Republic of)"",""0.795"","""",""0.802"","""",""0.809"","""",""0.816"","""",""0.823"","""",""0.830"","""",""0.836"","""",""0.842"","""",""0.849"","""",""0.856"","""",""0.862"","""",""0.869"","""",""0.876"","""",""0.883"","""",""0.891"","""",""0.898"","""",""0.905"","""",""0.911"","""",""0.918"","""",""0.924"","""",""0.930"","""",""0.935"","""",""0.941"","""",""0.946"","""",""0.951"","""",""0.955"","""",""0.960"","""",""0.964"","""",""0.967"","""",""0.970"","""""
"64,"" Kuwait"",""0.802"","""",""0.805"","""",""0.807"","""",""0.809"","""",""0.810"","""",""0.812"","""",""0.813"","""",""0.814"","""",""0.815"","""",""0.817"","""",""0.818"","""",""0.819"","""",""0.820"","""",""0.821"","""",""0.822"","""",""0.824"","""",""0.826"","""",""0.828"","""",""0.830"","""",""0.833"","""",""0.836"","""",""0.839"","""",""0.842"","""",""0.844"","""",""0.846"","""",""0.848"","""",""0.850"","""",""0.851"","""",""0.852"","""",""0.854"","""""
"120,"" Kyrgyzstan"",""0.713"","""",""0.713"","""",""0.712"","""",""0.711"","""",""0.709"","""",""0.708"","""",""0.708"","""",""0.708"","""",""0.709"","""",""0.711"","""",""0.713"","""",""0.715"","""",""0.718"","""",""0.720"","""",""0.722"","""",""0.724"","""",""0.727"","""",""0.731"","""",""0.737"","""",""0.744"","""",""0.752"","""",""0.760"","""",""0.767"","""",""0.774"","""",""0.779"","""",""0.783"","""",""0.785"","""",""0.788"","""",""0.790"","""",""0.792"","""""
"137,"" Lao People's Democratic Republic"",""0.513"","""",""0.520"","""",""0.527"","""",""0.535"","""",""0.543"","""",""0.552"","""",""0.561"","""",""0.570"","""",""0.579"","""",""0.588"","""",""0.597"","""",""0.606"","""",""0.614"","""",""0.623"","""",""0.632"","""",""0.640"","""",""0.649"","""",""0.657"","""",""0.666"","""",""0.674"","""",""0.682"","""",""0.689"","""",""0.696"","""",""0.703"","""",""0.710"","""",""0.716"","""",""0.722"","""",""0.727"","""",""0.732"","""",""0.737"","""""
"37,"" Latvia"",""0.755"","""",""0.747"","""",""0.741"","""",""0.736"","""",""0.735"","""",""0.736"","""",""0.740"","""",""0.745"","""",""0.752"","""",""0.758"","""",""0.765"","""",""0.771"","""",""0.776"","""",""0.780"","""",""0.783"","""",""0.786"","""",""0.790"","""",""0.794"","""",""0.799"","""",""0.806"","""",""0.813"","""",""0.820"","""",""0.827"","""",""0.833"","""",""0.838"","""",""0.842"","""",""0.845"","""",""0.847"","""",""0.849"","""",""0.851"","""""
"92,"" Lebanon"",""0.773"","""",""0.778"","""",""0.784"","""",""0.789"","""",""0.795"","""",""0.802"","""",""0.809"","""",""0.816"","""",""0.824"","""",""0.831"","""",""0.839"","""",""0.846"","""",""0.854"","""",""0.861"","""",""0.868"","""",""0.875"","""",""0.881"","""",""0.886"","""",""0.891"","""",""0.895"","""",""0.898"","""",""0.900"","""",""0.902"","""",""0.903"","""",""0.904"","""",""0.904"","""",""0.905"","""",""0.905"","""",""0.906"","""",""0.907"","""""
"165,"" Lesotho"",""0.613"","""",""0.607"","""",""0.598"","""",""0.585"","""",""0.570"","""",""0.551"","""",""0.528"","""",""0.504"","""",""0.477"","""",""0.451"","""",""0.426"","""",""0.403"","""",""0.383"","""",""0.367"","""",""0.355"","""",""0.349"","""",""0.348"","""",""0.352"","""",""0.360"","""",""0.371"","""",""0.386"","""",""0.403"","""",""0.422"","""",""0.441"","""",""0.460"","""",""0.478"","""",""0.493"","""",""0.507"","""",""0.519"","""",""0.528"","""""
"175,"" Liberia"",""0.401"","""",""0.402"","""",""0.406"","""",""0.413"","""",""0.423"","""",""0.436"","""",""0.449"","""",""0.461"","""",""0.472"","""",""0.481"","""",""0.488"","""",""0.496"","""",""0.505"","""",""0.516"","""",""0.530"","""",""0.545"","""",""0.560"","""",""0.575"","""",""0.588"","""",""0.600"","""",""0.609"","""",""0.618"","""",""0.626"","""",""0.634"","""",""0.642"","""",""0.650"","""",""0.659"","""",""0.666"","""",""0.673"","""",""0.678"","""""
"105,"" Libya"",""0.746"","""",""0.752"","""",""0.757"","""",""0.761"","""",""0.765"","""",""0.769"","""",""0.772"","""",""0.775"","""",""0.777"","""",""0.780"","""",""0.782"","""",""0.785"","""",""0.788"","""",""0.792"","""",""0.795"","""",""0.799"","""",""0.801"","""",""0.802"","""",""0.803"","""",""0.802"","""",""0.801"","""",""0.799"","""",""0.798"","""",""0.799"","""",""0.800"","""",""0.802"","""",""0.805"","""",""0.808"","""",""0.811"","""",""0.814"","""""
"19,"" Liechtenstein"",""0.863"","""",""0.866"","""",""0.869"","""",""0.873"","""",""0.876"","""",""0.880"","""",""0.883"","""",""0.886"","""",""0.889"","""",""0.892"","""",""0.895"","""",""0.898"","""",""0.900"","""",""0.902"","""",""0.904"","""",""0.906"","""",""0.908"","""",""0.910"","""",""0.912"","""",""0.914"","""",""0.916"","""",""0.918"","""",""0.919"","""",""0.921"","""",""0.923"","""",""0.925"","""",""0.927"","""",""0.929"","""",""0.931"","""",""0.933"","""""
"34,"" Lithuania"",""0.780"","""",""0.775"","""",""0.770"","""",""0.767"","""",""0.765"","""",""0.766"","""",""0.768"","""",""0.771"","""",""0.775"","""",""0.780"","""",""0.784"","""",""0.788"","""",""0.791"","""",""0.793"","""",""0.794"","""",""0.795"","""",""0.797"","""",""0.799"","""",""0.802"","""",""0.807"","""",""0.813"","""",""0.819"","""",""0.826"","""",""0.833"","""",""0.839"","""",""0.845"","""",""0.850"","""",""0.854"","""",""0.858"","""",""0.860"","""""
"23,"" Luxembourg"",""0.849"","""",""0.852"","""",""0.856"","""",""0.860"","""",""0.864"","""",""0.867"","""",""0.871"","""",""0.875"","""",""0.879"","""",""0.883"","""",""0.887"","""",""0.891"","""",""0.895"","""",""0.899"","""",""0.902"","""",""0.906"","""",""0.910"","""",""0.914"","""",""0.919"","""",""0.924"","""",""0.929"","""",""0.933"","""",""0.938"","""",""0.942"","""",""0.945"","""",""0.948"","""",""0.951"","""",""0.953"","""",""0.955"","""",""0.958"","""""
"164,"" Madagascar"",""0.477"","""",""0.486"","""",""0.497"","""",""0.508"","""",""0.520"","""",""0.533"","""",""0.545"","""",""0.558"","""",""0.570"","""",""0.581"","""",""0.592"","""",""0.602"","""",""0.611"","""",""0.619"","""",""0.627"","""",""0.634"","""",""0.641"","""",""0.647"","""",""0.654"","""",""0.661"","""",""0.668"","""",""0.674"","""",""0.681"","""",""0.688"","""",""0.694"","""",""0.701"","""",""0.707"","""",""0.712"","""",""0.718"","""",""0.724"","""""
"174,"" Malawi"",""0.401"","""",""0.402"","""",""0.402"","""",""0.401"","""",""0.400"","""",""0.398"","""",""0.395"","""",""0.392"","""",""0.389"","""",""0.387"","""",""0.386"","""",""0.388"","""",""0.393"","""",""0.401"","""",""0.413"","""",""0.428"","""",""0.448"","""",""0.471"","""",""0.495"","""",""0.521"","""",""0.547"","""",""0.572"","""",""0.594"","""",""0.614"","""",""0.631"","""",""0.645"","""",""0.657"","""",""0.666"","""",""0.674"","""",""0.681"","""""
"62,"" Malaysia"",""0.783"","""",""0.786"","""",""0.790"","""",""0.793"","""",""0.795"","""",""0.797"","""",""0.800"","""",""0.802"","""",""0.804"","""",""0.806"","""",""0.809"","""",""0.812"","""",""0.815"","""",""0.818"","""",""0.821"","""",""0.824"","""",""0.827"","""",""0.830"","""",""0.833"","""",""0.835"","""",""0.838"","""",""0.841"","""",""0.844"","""",""0.847"","""",""0.850"","""",""0.853"","""",""0.856"","""",""0.859"","""",""0.862"","""",""0.864"","""""
"95,"" Maldives"",""0.639"","""",""0.653"","""",""0.666"","""",""0.680"","""",""0.693"","""",""0.707"","""",""0.720"","""",""0.733"","""",""0.746"","""",""0.759"","""",""0.772"","""",""0.784"","""",""0.796"","""",""0.806"","""",""0.816"","""",""0.825"","""",""0.833"","""",""0.840"","""",""0.847"","""",""0.854"","""",""0.860"","""",""0.866"","""",""0.872"","""",""0.877"","""",""0.882"","""",""0.888"","""",""0.893"","""",""0.897"","""",""0.902"","""",""0.906"","""""
"184,"" Mali"",""0.396"","""",""0.401"","""",""0.405"","""",""0.407"","""",""0.408"","""",""0.409"","""",""0.410"","""",""0.413"","""",""0.417"","""",""0.423"","""",""0.432"","""",""0.442"","""",""0.454"","""",""0.467"","""",""0.480"","""",""0.493"","""",""0.505"","""",""0.516"","""",""0.526"","""",""0.535"","""",""0.542"","""",""0.549"","""",""0.556"","""",""0.563"","""",""0.570"","""",""0.577"","""",""0.584"","""",""0.592"","""",""0.598"","""",""0.605"","""""
"28,"" Malta"",""0.876"","""",""0.880"","""",""0.884"","""",""0.888"","""",""0.892"","""",""0.895"","""",""0.898"","""",""0.900"","""",""0.903"","""",""0.906"","""",""0.908"","""",""0.911"","""",""0.914"","""",""0.916"","""",""0.918"","""",""0.921"","""",""0.924"","""",""0.927"","""",""0.930"","""",""0.933"","""",""0.936"","""",""0.940"","""",""0.943"","""",""0.947"","""",""0.949"","""",""0.952"","""",""0.955"","""",""0.957"","""",""0.960"","""",""0.962"","""""
"117,"" Marshall Islands"",""0.651"","""",""0.659"","""",""0.667"","""",""0.675"","""",""0.683"","""",""0.691"","""",""0.699"","""",""0.707"","""",""0.715"","""",""0.723"","""",""0.731"","""",""0.739"","""",""0.747"","""",""0.754"","""",""0.761"","""",""0.768"","""",""0.775"","""",""0.781"","""",""0.786"","""",""0.791"","""",""0.796"","""",""0.801"","""",""0.805"","""",""0.809"","""",""0.813"","""",""0.817"","""",""0.821"","""",""0.825"","""",""0.829"","""",""0.832"","""""
"157,"" Mauritania"",""0.611"","""",""0.614"","""",""0.617"","""",""0.619"","""",""0.621"","""",""0.622"","""",""0.623"","""",""0.624"","""",""0.625"","""",""0.625"","""",""0.626"","""",""0.628"","""",""0.629"","""",""0.631"","""",""0.633"","""",""0.636"","""",""0.639"","""",""0.643"","""",""0.646"","""",""0.650"","""",""0.654"","""",""0.658"","""",""0.663"","""",""0.667"","""",""0.672"","""",""0.676"","""",""0.680"","""",""0.684"","""",""0.688"","""",""0.691"","""""
"66,"" Mauritius"",""0.760"","""",""0.765"","""",""0.769"","""",""0.772"","""",""0.773"","""",""0.774"","""",""0.775"","""",""0.777"","""",""0.780"","""",""0.783"","""",""0.788"","""",""0.792"","""",""0.797"","""",""0.801"","""",""0.804"","""",""0.807"","""",""0.809"","""",""0.812"","""",""0.815"","""",""0.819"","""",""0.822"","""",""0.826"","""",""0.830"","""",""0.833"","""",""0.836"","""",""0.838"","""",""0.840"","""",""0.842"","""",""0.844"","""",""0.846"","""""
"74,"" Mexico"",""0.783"","""",""0.788"","""",""0.794"","""",""0.799"","""",""0.804"","""",""0.809"","""",""0.814"","""",""0.820"","""",""0.825"","""",""0.831"","""",""0.836"","""",""0.841"","""",""0.845"","""",""0.848"","""",""0.850"","""",""0.851"","""",""0.851"","""",""0.850"","""",""0.849"","""",""0.848"","""",""0.847"","""",""0.846"","""",""0.846"","""",""0.845"","""",""0.845"","""",""0.845"","""",""0.845"","""",""0.845"","""",""0.846"","""",""0.847"","""""
"136,"" Micronesia (Federated States of)"",""0.671"","""",""0.673"","""",""0.674"","""",""0.675"","""",""0.677"","""",""0.678"","""",""0.679"","""",""0.680"","""",""0.682"","""",""0.683"","""",""0.685"","""",""0.688"","""",""0.691"","""",""0.694"","""",""0.697"","""",""0.700"","""",""0.703"","""",""0.706"","""",""0.709"","""",""0.712"","""",""0.715"","""",""0.718"","""",""0.720"","""",""0.723"","""",""0.725"","""",""0.728"","""",""0.730"","""",""0.733"","""",""0.735"","""",""0.737"","""""
"90,"" Moldova (Republic of)"",""0.733"","""",""0.732"","""",""0.729"","""",""0.726"","""",""0.724"","""",""0.721"","""",""0.719"","""",""0.719"","""",""0.719"","""",""0.721"","""",""0.723"","""",""0.726"","""",""0.729"","""",""0.731"","""",""0.733"","""",""0.736"","""",""0.739"","""",""0.743"","""",""0.749"","""",""0.756"","""",""0.763"","""",""0.771"","""",""0.778"","""",""0.784"","""",""0.789"","""",""0.792"","""",""0.794"","""",""0.796"","""",""0.797"","""",""0.798"","""""
"99,"" Mongolia"",""0.620"","""",""0.623"","""",""0.626"","""",""0.628"","""",""0.631"","""",""0.634"","""",""0.638"","""",""0.642"","""",""0.647"","""",""0.653"","""",""0.660"","""",""0.666"","""",""0.674"","""",""0.680"","""",""0.687"","""",""0.694"","""",""0.701"","""",""0.707"","""",""0.715"","""",""0.722"","""",""0.729"","""",""0.736"","""",""0.742"","""",""0.747"","""",""0.752"","""",""0.756"","""",""0.759"","""",""0.762"","""",""0.764"","""",""0.767"","""""
"48,"" Montenegro"",""0.840"","""",""0.841"","""",""0.841"","""",""0.839"","""",""0.836"","""",""0.832"","""",""0.828"","""",""0.825"","""",""0.822"","""",""0.820"","""",""0.819"","""",""0.819"","""",""0.820"","""",""0.821"","""",""0.823"","""",""0.825"","""",""0.828"","""",""0.833"","""",""0.837"","""",""0.843"","""",""0.848"","""",""0.854"","""",""0.859"","""",""0.863"","""",""0.866"","""",""0.869"","""",""0.870"","""",""0.872"","""",""0.873"","""",""0.875"","""""
"121,"" Morocco"",""0.688"","""",""0.696"","""",""0.703"","""",""0.710"","""",""0.715"","""",""0.721"","""",""0.726"","""",""0.731"","""",""0.736"","""",""0.742"","""",""0.749"","""",""0.757"","""",""0.766"","""",""0.775"","""",""0.786"","""",""0.796"","""",""0.806"","""",""0.816"","""",""0.824"","""",""0.831"","""",""0.837"","""",""0.841"","""",""0.846"","""",""0.850"","""",""0.854"","""",""0.857"","""",""0.861"","""",""0.865"","""",""0.869"","""",""0.872"","""""
"181,"" Mozambique"",""0.389"","""",""0.395"","""",""0.401"","""",""0.406"","""",""0.412"","""",""0.417"","""",""0.423"","""",""0.428"","""",""0.434"","""",""0.440"","""",""0.445"","""",""0.451"","""",""0.456"","""",""0.460"","""",""0.464"","""",""0.468"","""",""0.471"","""",""0.476"","""",""0.481"","""",""0.488"","""",""0.497"","""",""0.508"","""",""0.522"","""",""0.538"","""",""0.555"","""",""0.572"","""",""0.589"","""",""0.605"","""",""0.618"","""",""0.628"","""""
"147,"" Myanmar"",""0.567"","""",""0.572"","""",""0.577"","""",""0.582"","""",""0.587"","""",""0.592"","""",""0.597"","""",""0.602"","""",""0.607"","""",""0.611"","""",""0.616"","""",""0.621"","""",""0.626"","""",""0.631"","""",""0.635"","""",""0.640"","""",""0.645"","""",""0.651"","""",""0.657"","""",""0.663"","""",""0.670"","""",""0.677"","""",""0.684"","""",""0.691"","""",""0.698"","""",""0.705"","""",""0.711"","""",""0.716"","""",""0.721"","""",""0.725"","""""
"130,"" Namibia"",""0.640"","""",""0.639"","""",""0.633"","""",""0.623"","""",""0.609"","""",""0.592"","""",""0.572"","""",""0.551"","""",""0.530"","""",""0.511"","""",""0.495"","""",""0.483"","""",""0.475"","""",""0.471"","""",""0.471"","""",""0.476"","""",""0.486"","""",""0.501"","""",""0.520"","""",""0.542"","""",""0.564"","""",""0.586"","""",""0.606"","""",""0.623"","""",""0.637"","""",""0.648"","""",""0.656"","""",""0.662"","""",""0.667"","""",""0.672"","""""
"142,"" Nepal"",""0.529"","""",""0.543"","""",""0.556"","""",""0.569"","""",""0.581"","""",""0.594"","""",""0.606"","""",""0.618"","""",""0.629"","""",""0.640"","""",""0.651"","""",""0.661"","""",""0.670"","""",""0.679"","""",""0.688"","""",""0.696"","""",""0.704"","""",""0.712"","""",""0.719"","""",""0.726"","""",""0.732"","""",""0.739"","""",""0.745"","""",""0.751"","""",""0.756"","""",""0.762"","""",""0.767"","""",""0.772"","""",""0.777"","""",""0.781"","""""
"8,"" Netherlands"",""0.877"","""",""0.878"","""",""0.880"","""",""0.882"","""",""0.883"","""",""0.885"","""",""0.887"","""",""0.889"","""",""0.891"","""",""0.893"","""",""0.895"","""",""0.898"","""",""0.901"","""",""0.905"","""",""0.909"","""",""0.914"","""",""0.919"","""",""0.923"","""",""0.928"","""",""0.932"","""",""0.935"","""",""0.939"","""",""0.942"","""",""0.945"","""",""0.947"","""",""0.949"","""",""0.952"","""",""0.954"","""",""0.956"","""",""0.958"","""""
"14,"" New Zealand"",""0.852"","""",""0.857"","""",""0.863"","""",""0.868"","""",""0.873"","""",""0.877"","""",""0.881"","""",""0.885"","""",""0.889"","""",""0.893"","""",""0.897"","""",""0.902"","""",""0.906"","""",""0.911"","""",""0.915"","""",""0.919"","""",""0.923"","""",""0.926"","""",""0.930"","""",""0.933"","""",""0.936"","""",""0.939"","""",""0.942"","""",""0.945"","""",""0.947"","""",""0.949"","""",""0.952"","""",""0.954"","""",""0.956"","""",""0.958"","""""
"128,"" Nicaragua"",""0.681"","""",""0.692"","""",""0.703"","""",""0.712"","""",""0.721"","""",""0.728"","""",""0.735"","""",""0.742"","""",""0.749"","""",""0.755"","""",""0.762"","""",""0.768"","""",""0.774"","""",""0.779"","""",""0.784"","""",""0.788"","""",""0.791"","""",""0.795"","""",""0.799"","""",""0.803"","""",""0.807"","""",""0.811"","""",""0.815"","""",""0.818"","""",""0.822"","""",""0.825"","""",""0.829"","""",""0.832"","""",""0.835"","""",""0.838"","""""
"189,"" Niger"",""0.362"","""",""0.371"","""",""0.380"","""",""0.390"","""",""0.400"","""",""0.410"","""",""0.420"","""",""0.430"","""",""0.440"","""",""0.450"","""",""0.460"","""",""0.471"","""",""0.481"","""",""0.492"","""",""0.503"","""",""0.514"","""",""0.526"","""",""0.538"","""",""0.550"","""",""0.562"","""",""0.574"","""",""0.586"","""",""0.597"","""",""0.607"","""",""0.616"","""",""0.625"","""",""0.633"","""",""0.640"","""",""0.647"","""",""0.653"","""""
"161,"" Nigeria"",""0.398"","""",""0.398"","""",""0.398"","""",""0.398"","""",""0.398"","""",""0.398"","""",""0.398"","""",""0.399"","""",""0.400"","""",""0.402"","""",""0.404"","""",""0.408"","""",""0.413"","""",""0.419"","""",""0.426"","""",""0.435"","""",""0.443"","""",""0.452"","""",""0.460"","""",""0.468"","""",""0.475"","""",""0.482"","""",""0.489"","""",""0.496"","""",""0.503"","""",""0.509"","""",""0.516"","""",""0.522"","""",""0.528"","""",""0.534"","""""
"82,"" North Macedonia"",""0.787"","""",""0.790"","""",""0.792"","""",""0.795"","""",""0.798"","""",""0.801"","""",""0.805"","""",""0.808"","""",""0.812"","""",""0.816"","""",""0.820"","""",""0.823"","""",""0.825"","""",""0.827"","""",""0.829"","""",""0.831"","""",""0.832"","""",""0.834"","""",""0.836"","""",""0.838"","""",""0.841"","""",""0.844"","""",""0.846"","""",""0.849"","""",""0.851"","""",""0.852"","""",""0.854"","""",""0.855"","""",""0.857"","""",""0.858"","""""
"1,"" Norway"",""0.873"","""",""0.876"","""",""0.879"","""",""0.882"","""",""0.886"","""",""0.889"","""",""0.892"","""",""0.895"","""",""0.898"","""",""0.901"","""",""0.905"","""",""0.908"","""",""0.911"","""",""0.915"","""",""0.919"","""",""0.923"","""",""0.927"","""",""0.930"","""",""0.934"","""",""0.938"","""",""0.941"","""",""0.944"","""",""0.946"","""",""0.949"","""",""0.951"","""",""0.953"","""",""0.954"","""",""0.956"","""",""0.958"","""",""0.960"","""""
"60,"" Oman"",""0.726"","""",""0.734"","""",""0.743"","""",""0.751"","""",""0.758"","""",""0.766"","""",""0.773"","""",""0.780"","""",""0.788"","""",""0.795"","""",""0.802"","""",""0.809"","""",""0.816"","""",""0.822"","""",""0.828"","""",""0.834"","""",""0.840"","""",""0.845"","""",""0.849"","""",""0.853"","""",""0.857"","""",""0.860"","""",""0.864"","""",""0.868"","""",""0.871"","""",""0.875"","""",""0.879"","""",""0.883"","""",""0.887"","""",""0.890"","""""
"154,"" Pakistan"",""0.617"","""",""0.621"","""",""0.626"","""",""0.630"","""",""0.634"","""",""0.639"","""",""0.643"","""",""0.647"","""",""0.651"","""",""0.655"","""",""0.659"","""",""0.663"","""",""0.666"","""",""0.670"","""",""0.673"","""",""0.676"","""",""0.680"","""",""0.683"","""",""0.687"","""",""0.692"","""",""0.696"","""",""0.701"","""",""0.705"","""",""0.710"","""",""0.713"","""",""0.717"","""",""0.720"","""",""0.722"","""",""0.725"","""",""0.727"","""""
"50,"" Palau"",""0.651"","""",""0.659"","""",""0.667"","""",""0.675"","""",""0.683"","""",""0.692"","""",""0.700"","""",""0.708"","""",""0.716"","""",""0.724"","""",""0.732"","""",""0.739"","""",""0.746"","""",""0.753"","""",""0.759"","""",""0.765"","""",""0.771"","""",""0.777"","""",""0.782"","""",""0.788"","""",""0.793"","""",""0.797"","""",""0.802"","""",""0.806"","""",""0.811"","""",""0.815"","""",""0.819"","""",""0.822"","""",""0.826"","""",""0.830"","""""
"115,"" Palestine, State of"",""0.739"","""",""0.745"","""",""0.751"","""",""0.756"","""",""0.761"","""",""0.766"","""",""0.770"","""",""0.774"","""",""0.778"","""",""0.782"","""",""0.785"","""",""0.788"","""",""0.792"","""",""0.795"","""",""0.798"","""",""0.800"","""",""0.803"","""",""0.806"","""",""0.808"","""",""0.810"","""",""0.812"","""",""0.814"","""",""0.816"","""",""0.818"","""",""0.820"","""",""0.822"","""",""0.824"","""",""0.827"","""",""0.829"","""",""0.832"","""""
"57,"" Panama"",""0.815"","""",""0.819"","""",""0.822"","""",""0.826"","""",""0.829"","""",""0.832"","""",""0.835"","""",""0.838"","""",""0.841"","""",""0.844"","""",""0.847"","""",""0.850"","""",""0.852"","""",""0.855"","""",""0.857"","""",""0.860"","""",""0.862"","""",""0.865"","""",""0.868"","""",""0.871"","""",""0.874"","""",""0.877"","""",""0.880"","""",""0.883"","""",""0.886"","""",""0.889"","""",""0.892"","""",""0.895"","""",""0.897"","""",""0.900"","""""
"155,"" Papua New Guinea"",""0.561"","""",""0.567"","""",""0.572"","""",""0.577"","""",""0.581"","""",""0.586"","""",""0.590"","""",""0.594"","""",""0.597"","""",""0.601"","""",""0.604"","""",""0.608"","""",""0.611"","""",""0.615"","""",""0.619"","""",""0.624"","""",""0.628"","""",""0.633"","""",""0.638"","""",""0.642"","""",""0.647"","""",""0.651"","""",""0.655"","""",""0.660"","""",""0.664"","""",""0.669"","""",""0.673"","""",""0.677"","""",""0.681"","""",""0.685"","""""
"103,"" Paraguay"",""0.747"","""",""0.750"","""",""0.753"","""",""0.756"","""",""0.759"","""",""0.762"","""",""0.764"","""",""0.767"","""",""0.771"","""",""0.774"","""",""0.778"","""",""0.781"","""",""0.785"","""",""0.788"","""",""0.792"","""",""0.795"","""",""0.798"","""",""0.801"","""",""0.804"","""",""0.807"","""",""0.810"","""",""0.813"","""",""0.816"","""",""0.820"","""",""0.823"","""",""0.826"","""",""0.828"","""",""0.831"","""",""0.833"","""",""0.835"","""""
"79,"" Peru"",""0.710"","""",""0.719"","""",""0.728"","""",""0.737"","""",""0.745"","""",""0.752"","""",""0.760"","""",""0.767"","""",""0.773"","""",""0.780"","""",""0.786"","""",""0.792"","""",""0.798"","""",""0.804"","""",""0.809"","""",""0.814"","""",""0.819"","""",""0.824"","""",""0.828"","""",""0.833"","""",""0.837"","""",""0.842"","""",""0.846"","""",""0.850"","""",""0.854"","""",""0.858"","""",""0.862"","""",""0.866"","""",""0.869"","""",""0.873"","""""
"107,"" Philippines"",""0.713"","""",""0.720"","""",""0.727"","""",""0.733"","""",""0.738"","""",""0.742"","""",""0.745"","""",""0.747"","""",""0.749"","""",""0.750"","""",""0.751"","""",""0.751"","""",""0.752"","""",""0.753"","""",""0.754"","""",""0.756"","""",""0.757"","""",""0.760"","""",""0.762"","""",""0.764"","""",""0.767"","""",""0.769"","""",""0.772"","""",""0.774"","""",""0.777"","""",""0.779"","""",""0.782"","""",""0.784"","""",""0.786"","""",""0.788"","""""
"35,"" Poland"",""0.782"","""",""0.784"","""",""0.786"","""",""0.789"","""",""0.793"","""",""0.797"","""",""0.803"","""",""0.808"","""",""0.814"","""",""0.820"","""",""0.826"","""",""0.832"","""",""0.836"","""",""0.841"","""",""0.844"","""",""0.848"","""",""0.851"","""",""0.854"","""",""0.858"","""",""0.862"","""",""0.867"","""",""0.872"","""",""0.876"","""",""0.881"","""",""0.886"","""",""0.890"","""",""0.894"","""",""0.898"","""",""0.901"","""",""0.904"","""""
"38,"" Portugal"",""0.839"","""",""0.841"","""",""0.844"","""",""0.846"","""",""0.849"","""",""0.852"","""",""0.856"","""",""0.860"","""",""0.864"","""",""0.868"","""",""0.873"","""",""0.878"","""",""0.883"","""",""0.889"","""",""0.894"","""",""0.899"","""",""0.904"","""",""0.909"","""",""0.914"","""",""0.919"","""",""0.923"","""",""0.927"","""",""0.931"","""",""0.935"","""",""0.938"","""",""0.942"","""",""0.945"","""",""0.949"","""",""0.952"","""",""0.955"","""""
"45,"" Qatar"",""0.859"","""",""0.862"","""",""0.865"","""",""0.868"","""",""0.871"","""",""0.873"","""",""0.876"","""",""0.878"","""",""0.880"","""",""0.882"","""",""0.884"","""",""0.886"","""",""0.889"","""",""0.891"","""",""0.894"","""",""0.896"","""",""0.899"","""",""0.902"","""",""0.904"","""",""0.907"","""",""0.909"","""",""0.912"","""",""0.914"","""",""0.916"","""",""0.918"","""",""0.919"","""",""0.921"","""",""0.923"","""",""0.925"","""",""0.927"","""""
"49,"" Romania"",""0.762"","""",""0.762"","""",""0.762"","""",""0.762"","""",""0.762"","""",""0.762"","""",""0.763"","""",""0.765"","""",""0.768"","""",""0.772"","""",""0.776"","""",""0.782"","""",""0.788"","""",""0.793"","""",""0.799"","""",""0.804"","""",""0.809"","""",""0.815"","""",""0.820"","""",""0.826"","""",""0.832"","""",""0.837"","""",""0.842"","""",""0.847"","""",""0.850"","""",""0.853"","""",""0.856"","""",""0.858"","""",""0.860"","""",""0.862"","""""
"52,"" Russian Federation"",""0.739"","""",""0.732"","""",""0.724"","""",""0.717"","""",""0.712"","""",""0.708"","""",""0.705"","""",""0.702"","""",""0.699"","""",""0.696"","""",""0.694"","""",""0.692"","""",""0.692"","""",""0.694"","""",""0.698"","""",""0.704"","""",""0.711"","""",""0.720"","""",""0.730"","""",""0.740"","""",""0.749"","""",""0.759"","""",""0.768"","""",""0.777"","""",""0.785"","""",""0.792"","""",""0.797"","""",""0.802"","""",""0.806"","""",""0.809"","""""
"160,"" Rwanda"",""0.206"","""",""0.142"","""",""0.103"","""",""0.095"","""",""0.119"","""",""0.170"","""",""0.237"","""",""0.305"","""",""0.364"","""",""0.410"","""",""0.441"","""",""0.461"","""",""0.477"","""",""0.495"","""",""0.517"","""",""0.542"","""",""0.571"","""",""0.599"","""",""0.625"","""",""0.648"","""",""0.668"","""",""0.685"","""",""0.699"","""",""0.711"","""",""0.721"","""",""0.730"","""",""0.737"","""",""0.744"","""",""0.749"","""",""0.754"","""""
"74,"" Saint Kitts and Nevis"",""0.728"","""",""0.732"","""",""0.736"","""",""0.740"","""",""0.744"","""",""0.748"","""",""0.753"","""",""0.757"","""",""0.762"","""",""0.767"","""",""0.772"","""",""0.777"","""",""0.782"","""",""0.787"","""",""0.791"","""",""0.795"","""",""0.799"","""",""0.803"","""",""0.807"","""",""0.810"","""",""0.814"","""",""0.817"","""",""0.821"","""",""0.824"","""",""0.827"","""",""0.830"","""",""0.833"","""",""0.837"","""",""0.839"","""",""0.842"","""""
"86,"" Saint Lucia"",""0.786"","""",""0.790"","""",""0.794"","""",""0.798"","""",""0.801"","""",""0.805"","""",""0.808"","""",""0.812"","""",""0.815"","""",""0.818"","""",""0.820"","""",""0.823"","""",""0.825"","""",""0.828"","""",""0.830"","""",""0.833"","""",""0.835"","""",""0.837"","""",""0.840"","""",""0.842"","""",""0.844"","""",""0.846"","""",""0.848"","""",""0.851"","""",""0.853"","""",""0.855"","""",""0.858"","""",""0.860"","""",""0.862"","""",""0.865"","""""
"97,"" Saint Vincent and the Grenadines"",""0.778"","""",""0.780"","""",""0.780"","""",""0.781"","""",""0.781"","""",""0.781"","""",""0.781"","""",""0.780"","""",""0.781"","""",""0.781"","""",""0.782"","""",""0.783"","""",""0.784"","""",""0.786"","""",""0.788"","""",""0.790"","""",""0.792"","""",""0.793"","""",""0.795"","""",""0.796"","""",""0.797"","""",""0.797"","""",""0.798"","""",""0.799"","""",""0.800"","""",""0.801"","""",""0.803"","""",""0.805"","""",""0.806"","""",""0.808"","""""
"111,"" Samoa"",""0.712"","""",""0.715"","""",""0.718"","""",""0.721"","""",""0.724"","""",""0.727"","""",""0.731"","""",""0.735"","""",""0.740"","""",""0.745"","""",""0.750"","""",""0.755"","""",""0.761"","""",""0.766"","""",""0.771"","""",""0.775"","""",""0.779"","""",""0.783"","""",""0.787"","""",""0.791"","""",""0.795"","""",""0.799"","""",""0.802"","""",""0.805"","""",""0.808"","""",""0.811"","""",""0.814"","""",""0.816"","""",""0.818"","""",""0.820"","""""
"135,"" Sao Tome and Principe"",""0.588"","""",""0.588"","""",""0.588"","""",""0.590"","""",""0.592"","""",""0.597"","""",""0.603"","""",""0.610"","""",""0.618"","""",""0.627"","""",""0.636"","""",""0.646"","""",""0.657"","""",""0.667"","""",""0.677"","""",""0.687"","""",""0.696"","""",""0.705"","""",""0.714"","""",""0.722"","""",""0.730"","""",""0.737"","""",""0.743"","""",""0.749"","""",""0.755"","""",""0.760"","""",""0.764"","""",""0.768"","""",""0.772"","""",""0.775"","""""
"40,"" Saudi Arabia"",""0.755"","""",""0.762"","""",""0.768"","""",""0.775"","""",""0.781"","""",""0.786"","""",""0.791"","""",""0.796"","""",""0.801"","""",""0.805"","""",""0.809"","""",""0.812"","""",""0.814"","""",""0.816"","""",""0.818"","""",""0.819"","""",""0.821"","""",""0.823"","""",""0.825"","""",""0.827"","""",""0.830"","""",""0.832"","""",""0.835"","""",""0.837"","""",""0.839"","""",""0.841"","""",""0.842"","""",""0.844"","""",""0.846"","""",""0.848"","""""
"168,"" Senegal"",""0.572"","""",""0.576"","""",""0.577"","""",""0.577"","""",""0.577"","""",""0.575"","""",""0.575"","""",""0.574"","""",""0.575"","""",""0.577"","""",""0.581"","""",""0.587"","""",""0.595"","""",""0.604"","""",""0.614"","""",""0.625"","""",""0.636"","""",""0.648"","""",""0.660"","""",""0.671"","""",""0.681"","""",""0.691"","""",""0.699"","""",""0.707"","""",""0.713"","""",""0.719"","""",""0.724"","""",""0.729"","""",""0.733"","""",""0.738"","""""
"64,"" Serbia"",""0.792"","""",""0.794"","""",""0.795"","""",""0.796"","""",""0.797"","""",""0.798"","""",""0.798"","""",""0.798"","""",""0.799"","""",""0.800"","""",""0.801"","""",""0.802"","""",""0.804"","""",""0.806"","""",""0.809"","""",""0.812"","""",""0.816"","""",""0.820"","""",""0.824"","""",""0.828"","""",""0.832"","""",""0.836"","""",""0.840"","""",""0.844"","""",""0.848"","""",""0.851"","""",""0.854"","""",""0.857"","""",""0.859"","""",""0.862"","""""
"67,"" Seychelles"",""0.781"","""",""0.781"","""",""0.781"","""",""0.780"","""",""0.780"","""",""0.780"","""",""0.781"","""",""0.781"","""",""0.782"","""",""0.784"","""",""0.786"","""",""0.789"","""",""0.792"","""",""0.795"","""",""0.798"","""",""0.802"","""",""0.805"","""",""0.807"","""",""0.810"","""",""0.812"","""",""0.814"","""",""0.815"","""",""0.816"","""",""0.817"","""",""0.818"","""",""0.818"","""",""0.819"","""",""0.820"","""",""0.821"","""",""0.822"","""""
"182,"" Sierra Leone"",""0.286"","""",""0.279"","""",""0.273"","""",""0.267"","""",""0.264"","""",""0.263"","""",""0.265"","""",""0.269"","""",""0.277"","""",""0.287"","""",""0.299"","""",""0.313"","""",""0.329"","""",""0.345"","""",""0.361"","""",""0.377"","""",""0.393"","""",""0.408"","""",""0.423"","""",""0.438"","""",""0.452"","""",""0.465"","""",""0.477"","""",""0.488"","""",""0.498"","""",""0.507"","""",""0.515"","""",""0.521"","""",""0.528"","""",""0.534"","""""
"11,"" Singapore"",""0.861"","""",""0.865"","""",""0.869"","""",""0.871"","""",""0.873"","""",""0.874"","""",""0.876"","""",""0.878"","""",""0.881"","""",""0.886"","""",""0.892"","""",""0.899"","""",""0.906"","""",""0.913"","""",""0.921"","""",""0.927"","""",""0.933"","""",""0.939"","""",""0.943"","""",""0.948"","""",""0.951"","""",""0.955"","""",""0.958"","""",""0.961"","""",""0.964"","""",""0.967"","""",""0.971"","""",""0.974"","""",""0.976"","""",""0.979"","""""
"39,"" Slovakia"",""0.788"","""",""0.790"","""",""0.793"","""",""0.796"","""",""0.799"","""",""0.802"","""",""0.806"","""",""0.809"","""",""0.813"","""",""0.816"","""",""0.820"","""",""0.823"","""",""0.826"","""",""0.829"","""",""0.832"","""",""0.835"","""",""0.838"","""",""0.842"","""",""0.845"","""",""0.849"","""",""0.854"","""",""0.858"","""",""0.863"","""",""0.867"","""",""0.871"","""",""0.874"","""",""0.877"","""",""0.880"","""",""0.883"","""",""0.885"","""""
"22,"" Slovenia"",""0.819"","""",""0.822"","""",""0.826"","""",""0.829"","""",""0.834"","""",""0.838"","""",""0.843"","""",""0.847"","""",""0.852"","""",""0.856"","""",""0.860"","""",""0.865"","""",""0.870"","""",""0.875"","""",""0.880"","""",""0.886"","""",""0.892"","""",""0.898"","""",""0.904"","""",""0.909"","""",""0.914"","""",""0.919"","""",""0.923"","""",""0.927"","""",""0.930"","""",""0.933"","""",""0.936"","""",""0.939"","""",""0.941"","""",""0.943"","""""
"151,"" Solomon Islands"",""0.683"","""",""0.685"","""",""0.688"","""",""0.692"","""",""0.696"","""",""0.701"","""",""0.706"","""",""0.712"","""",""0.718"","""",""0.724"","""",""0.730"","""",""0.736"","""",""0.741"","""",""0.746"","""",""0.751"","""",""0.756"","""",""0.761"","""",""0.766"","""",""0.770"","""",""0.775"","""",""0.780"","""",""0.784"","""",""0.789"","""",""0.794"","""",""0.798"","""",""0.803"","""",""0.807"","""",""0.810"","""",""0.813"","""",""0.815"","""""
"..,"" Somalia"",""0.390"","""",""0.389"","""",""0.390"","""",""0.396"","""",""0.405"","""",""0.418"","""",""0.432"","""",""0.446"","""",""0.458"","""",""0.468"","""",""0.475"","""",""0.480"","""",""0.485"","""",""0.489"","""",""0.493"","""",""0.498"","""",""0.503"","""",""0.508"","""",""0.513"","""",""0.518"","""",""0.523"","""",""0.528"","""",""0.534"","""",""0.540"","""",""0.546"","""",""0.553"","""",""0.559"","""",""0.565"","""",""0.570"","""",""0.575"","""""
"114,"" South Africa"",""0.666"","""",""0.667"","""",""0.665"","""",""0.660"","""",""0.651"","""",""0.639"","""",""0.625"","""",""0.608"","""",""0.589"","""",""0.571"","""",""0.555"","""",""0.540"","""",""0.528"","""",""0.519"","""",""0.515"","""",""0.515"","""",""0.520"","""",""0.530"","""",""0.544"","""",""0.561"","""",""0.580"","""",""0.598"","""",""0.616"","""",""0.632"","""",""0.646"","""",""0.656"","""",""0.664"","""",""0.670"","""",""0.675"","""",""0.679"","""""
"185,"" South Sudan"",""0.362"","""",""0.373"","""",""0.384"","""",""0.394"","""",""0.404"","""",""0.413"","""",""0.421"","""",""0.429"","""",""0.436"","""",""0.442"","""",""0.449"","""",""0.455"","""",""0.462"","""",""0.470"","""",""0.478"","""",""0.487"","""",""0.497"","""",""0.507"","""",""0.517"","""",""0.526"","""",""0.535"","""",""0.543"","""",""0.551"","""",""0.557"","""",""0.562"","""",""0.567"","""",""0.571"","""",""0.575"","""",""0.579"","""",""0.582"","""""
"25,"" Spain"",""0.880"","""",""0.883"","""",""0.885"","""",""0.888"","""",""0.892"","""",""0.895"","""",""0.899"","""",""0.902"","""",""0.906"","""",""0.909"","""",""0.913"","""",""0.916"","""",""0.920"","""",""0.924"","""",""0.928"","""",""0.932"","""",""0.936"","""",""0.940"","""",""0.944"","""",""0.948"","""",""0.952"","""",""0.956"","""",""0.960"","""",""0.963"","""",""0.966"","""",""0.969"","""",""0.971"","""",""0.974"","""",""0.976"","""",""0.978"","""""
"72,"" Sri Lanka"",""0.762"","""",""0.763"","""",""0.764"","""",""0.762"","""",""0.760"","""",""0.758"","""",""0.758"","""",""0.760"","""",""0.767"","""",""0.777"","""",""0.790"","""",""0.804"","""",""0.817"","""",""0.828"","""",""0.836"","""",""0.841"","""",""0.845"","""",""0.847"","""",""0.849"","""",""0.851"","""",""0.853"","""",""0.856"","""",""0.858"","""",""0.861"","""",""0.864"","""",""0.866"","""",""0.869"","""",""0.872"","""",""0.874"","""",""0.877"","""""
"170,"" Sudan"",""0.546"","""",""0.549"","""",""0.552"","""",""0.556"","""",""0.560"","""",""0.565"","""",""0.570"","""",""0.575"","""",""0.580"","""",""0.586"","""",""0.592"","""",""0.598"","""",""0.604"","""",""0.610"","""",""0.617"","""",""0.623"","""",""0.630"","""",""0.637"","""",""0.644"","""",""0.651"","""",""0.658"","""",""0.664"","""",""0.670"","""",""0.675"","""",""0.680"","""",""0.684"","""",""0.687"","""",""0.690"","""",""0.694"","""",""0.697"","""""
"97,"" Suriname"",""0.730"","""",""0.731"","""",""0.732"","""",""0.733"","""",""0.734"","""",""0.734"","""",""0.735"","""",""0.735"","""",""0.735"","""",""0.735"","""",""0.736"","""",""0.737"","""",""0.739"","""",""0.743"","""",""0.747"","""",""0.752"","""",""0.757"","""",""0.763"","""",""0.768"","""",""0.772"","""",""0.776"","""",""0.780"","""",""0.782"","""",""0.785"","""",""0.787"","""",""0.788"","""",""0.790"","""",""0.792"","""",""0.793"","""",""0.795"","""""
"7,"" Sweden"",""0.887"","""",""0.890"","""",""0.893"","""",""0.897"","""",""0.900"","""",""0.904"","""",""0.907"","""",""0.910"","""",""0.913"","""",""0.916"","""",""0.919"","""",""0.921"","""",""0.924"","""",""0.927"","""",""0.929"","""",""0.932"","""",""0.935"","""",""0.938"","""",""0.941"","""",""0.944"","""",""0.946"","""",""0.949"","""",""0.951"","""",""0.954"","""",""0.956"","""",""0.958"","""",""0.960"","""",""0.962"","""",""0.964"","""",""0.966"","""""
"2,"" Switzerland"",""0.886"","""",""0.888"","""",""0.891"","""",""0.894"","""",""0.897"","""",""0.901"","""",""0.905"","""",""0.909"","""",""0.913"","""",""0.917"","""",""0.921"","""",""0.925"","""",""0.929"","""",""0.933"","""",""0.937"","""",""0.941"","""",""0.945"","""",""0.948"","""",""0.952"","""",""0.955"","""",""0.958"","""",""0.961"","""",""0.963"","""",""0.966"","""",""0.969"","""",""0.971"","""",""0.974"","""",""0.977"","""",""0.979"","""",""0.981"","""""
"151,"" Syrian Arab Republic"",""0.778"","""",""0.783"","""",""0.787"","""",""0.791"","""",""0.796"","""",""0.799"","""",""0.803"","""",""0.807"","""",""0.810"","""",""0.814"","""",""0.817"","""",""0.821"","""",""0.826"","""",""0.830"","""",""0.835"","""",""0.837"","""",""0.837"","""",""0.833"","""",""0.825"","""",""0.814"","""",""0.802"","""",""0.789"","""",""0.778"","""",""0.770"","""",""0.766"","""",""0.768"","""",""0.774"","""",""0.784"","""",""0.797"","""",""0.811"","""""
"125,"" Tajikistan"",""0.597"","""",""0.592"","""",""0.588"","""",""0.586"","""",""0.588"","""",""0.592"","""",""0.600"","""",""0.610"","""",""0.621"","""",""0.633"","""",""0.646"","""",""0.659"","""",""0.672"","""",""0.685"","""",""0.697"","""",""0.709"","""",""0.720"","""",""0.729"","""",""0.737"","""",""0.744"","""",""0.750"","""",""0.755"","""",""0.759"","""",""0.763"","""",""0.767"","""",""0.771"","""",""0.775"","""",""0.779"","""",""0.783"","""",""0.786"","""""
"163,"" Tanzania (United Republic of)"",""0.465"","""",""0.461"","""",""0.458"","""",""0.454"","""",""0.452"","""",""0.451"","""",""0.451"","""",""0.454"","""",""0.459"","""",""0.465"","""",""0.474"","""",""0.484"","""",""0.495"","""",""0.506"","""",""0.517"","""",""0.528"","""",""0.540"","""",""0.553"","""",""0.566"","""",""0.579"","""",""0.594"","""",""0.608"","""",""0.623"","""",""0.637"","""",""0.651"","""",""0.663"","""",""0.675"","""",""0.684"","""",""0.693"","""",""0.699"","""""
"79,"" Thailand"",""0.773"","""",""0.774"","""",""0.774"","""",""0.773"","""",""0.772"","""",""0.772"","""",""0.773"","""",""0.773"","""",""0.775"","""",""0.776"","""",""0.779"","""",""0.782"","""",""0.786"","""",""0.791"","""",""0.796"","""",""0.802"","""",""0.808"","""",""0.814"","""",""0.821"","""",""0.827"","""",""0.834"","""",""0.840"","""",""0.846"","""",""0.852"","""",""0.858"","""",""0.863"","""",""0.868"","""",""0.872"","""",""0.876"","""",""0.879"","""""
"141,"" Timor-Leste"",""0.438"","""",""0.451"","""",""0.466"","""",""0.481"","""",""0.498"","""",""0.516"","""",""0.534"","""",""0.552"","""",""0.569"","""",""0.585"","""",""0.600"","""",""0.615"","""",""0.629"","""",""0.644"","""",""0.660"","""",""0.675"","""",""0.689"","""",""0.702"","""",""0.712"","""",""0.720"","""",""0.726"","""",""0.730"","""",""0.734"","""",""0.738"","""",""0.742"","""",""0.746"","""",""0.750"","""",""0.754"","""",""0.758"","""",""0.762"","""""
"167,"" Togo"",""0.552"","""",""0.552"","""",""0.550"","""",""0.546"","""",""0.541"","""",""0.535"","""",""0.529"","""",""0.523"","""",""0.519"","""",""0.516"","""",""0.515"","""",""0.516"","""",""0.519"","""",""0.522"","""",""0.527"","""",""0.532"","""",""0.539"","""",""0.547"","""",""0.557"","""",""0.566"","""",""0.576"","""",""0.586"","""",""0.595"","""",""0.602"","""",""0.609"","""",""0.614"","""",""0.619"","""",""0.623"","""",""0.627"","""",""0.631"","""""
"104,"" Tonga"",""0.753"","""",""0.755"","""",""0.756"","""",""0.757"","""",""0.758"","""",""0.759"","""",""0.760"","""",""0.761"","""",""0.762"","""",""0.763"","""",""0.764"","""",""0.765"","""",""0.766"","""",""0.766"","""",""0.767"","""",""0.767"","""",""0.767"","""",""0.767"","""",""0.768"","""",""0.769"","""",""0.770"","""",""0.772"","""",""0.773"","""",""0.774"","""",""0.776"","""",""0.777"","""",""0.779"","""",""0.780"","""",""0.782"","""",""0.783"","""""
"67,"" Trinidad and Tobago"",""0.740"","""",""0.742"","""",""0.743"","""",""0.745"","""",""0.746"","""",""0.748"","""",""0.749"","""",""0.752"","""",""0.754"","""",""0.757"","""",""0.760"","""",""0.764"","""",""0.768"","""",""0.772"","""",""0.776"","""",""0.780"","""",""0.784"","""",""0.788"","""",""0.792"","""",""0.796"","""",""0.799"","""",""0.803"","""",""0.806"","""",""0.809"","""",""0.812"","""",""0.814"","""",""0.817"","""",""0.819"","""",""0.821"","""",""0.823"","""""
"95,"" Tunisia"",""0.751"","""",""0.760"","""",""0.769"","""",""0.778"","""",""0.786"","""",""0.793"","""",""0.799"","""",""0.804"","""",""0.809"","""",""0.814"","""",""0.818"","""",""0.822"","""",""0.825"","""",""0.828"","""",""0.831"","""",""0.834"","""",""0.837"","""",""0.839"","""",""0.842"","""",""0.844"","""",""0.847"","""",""0.849"","""",""0.852"","""",""0.855"","""",""0.857"","""",""0.860"","""",""0.863"","""",""0.866"","""",""0.869"","""",""0.872"","""""
"54,"" Turkey"",""0.681"","""",""0.689"","""",""0.697"","""",""0.705"","""",""0.714"","""",""0.723"","""",""0.732"","""",""0.741"","""",""0.751"","""",""0.760"","""",""0.769"","""",""0.778"","""",""0.786"","""",""0.793"","""",""0.800"","""",""0.807"","""",""0.813"","""",""0.819"","""",""0.825"","""",""0.832"","""",""0.839"","""",""0.845"","""",""0.852"","""",""0.858"","""",""0.864"","""",""0.870"","""",""0.875"","""",""0.879"","""",""0.884"","""",""0.888"","""""
"111,"" Turkmenistan"",""0.659"","""",""0.658"","""",""0.658"","""",""0.658"","""",""0.658"","""",""0.659"","""",""0.661"","""",""0.663"","""",""0.665"","""",""0.668"","""",""0.671"","""",""0.675"","""",""0.678"","""",""0.683"","""",""0.688"","""",""0.693"","""",""0.698"","""",""0.703"","""",""0.708"","""",""0.713"","""",""0.718"","""",""0.722"","""",""0.726"","""",""0.729"","""",""0.732"","""",""0.734"","""",""0.736"","""",""0.738"","""",""0.740"","""",""0.741"","""""
"159,"" Uganda"",""0.398"","""",""0.389"","""",""0.380"","""",""0.373"","""",""0.369"","""",""0.367"","""",""0.368"","""",""0.372"","""",""0.380"","""",""0.390"","""",""0.404"","""",""0.419"","""",""0.435"","""",""0.453"","""",""0.470"","""",""0.487"","""",""0.504"","""",""0.521"","""",""0.538"","""",""0.555"","""",""0.571"","""",""0.586"","""",""0.600"","""",""0.614"","""",""0.626"","""",""0.637"","""",""0.646"","""",""0.654"","""",""0.661"","""",""0.667"","""""
"74,"" Ukraine"",""0.767"","""",""0.761"","""",""0.754"","""",""0.748"","""",""0.742"","""",""0.737"","""",""0.733"","""",""0.730"","""",""0.728"","""",""0.727"","""",""0.727"","""",""0.727"","""",""0.728"","""",""0.728"","""",""0.729"","""",""0.730"","""",""0.733"","""",""0.737"","""",""0.743"","""",""0.751"","""",""0.759"","""",""0.768"","""",""0.776"","""",""0.783"","""",""0.789"","""",""0.793"","""",""0.796"","""",""0.798"","""",""0.799"","""",""0.801"","""""
"31,"" United Arab Emirates"",""0.799"","""",""0.803"","""",""0.807"","""",""0.811"","""",""0.815"","""",""0.818"","""",""0.822"","""",""0.826"","""",""0.829"","""",""0.832"","""",""0.836"","""",""0.839"","""",""0.842"","""",""0.846"","""",""0.849"","""",""0.852"","""",""0.855"","""",""0.858"","""",""0.861"","""",""0.864"","""",""0.867"","""",""0.870"","""",""0.872"","""",""0.875"","""",""0.878"","""",""0.881"","""",""0.884"","""",""0.887"","""",""0.889"","""",""0.892"","""""
"13,"" United Kingdom"",""0.857"","""",""0.860"","""",""0.863"","""",""0.866"","""",""0.869"","""",""0.872"","""",""0.875"","""",""0.878"","""",""0.882"","""",""0.885"","""",""0.889"","""",""0.892"","""",""0.896"","""",""0.900"","""",""0.904"","""",""0.909"","""",""0.913"","""",""0.917"","""",""0.921"","""",""0.925"","""",""0.929"","""",""0.932"","""",""0.934"","""",""0.937"","""",""0.938"","""",""0.939"","""",""0.940"","""",""0.941"","""",""0.942"","""",""0.943"","""""
"17,"" United States"",""0.850"","""",""0.852"","""",""0.855"","""",""0.857"","""",""0.860"","""",""0.863"","""",""0.865"","""",""0.867"","""",""0.870"","""",""0.872"","""",""0.874"","""",""0.876"","""",""0.879"","""",""0.882"","""",""0.884"","""",""0.887"","""",""0.891"","""",""0.894"","""",""0.897"","""",""0.900"","""",""0.902"","""",""0.904"","""",""0.906"","""",""0.906"","""",""0.907"","""",""0.906"","""",""0.906"","""",""0.906"","""",""0.905"","""",""0.906"","""""
"55,"" Uruguay"",""0.809"","""",""0.812"","""",""0.815"","""",""0.818"","""",""0.821"","""",""0.825"","""",""0.829"","""",""0.832"","""",""0.836"","""",""0.839"","""",""0.842"","""",""0.845"","""",""0.849"","""",""0.852"","""",""0.855"","""",""0.859"","""",""0.862"","""",""0.865"","""",""0.868"","""",""0.871"","""",""0.873"","""",""0.875"","""",""0.877"","""",""0.879"","""",""0.881"","""",""0.883"","""",""0.885"","""",""0.887"","""",""0.889"","""",""0.891"","""""
"106,"" Uzbekistan"",""0.715"","""",""0.714"","""",""0.713"","""",""0.713"","""",""0.713"","""",""0.714"","""",""0.715"","""",""0.717"","""",""0.720"","""",""0.722"","""",""0.725"","""",""0.729"","""",""0.733"","""",""0.736"","""",""0.741"","""",""0.745"","""",""0.749"","""",""0.753"","""",""0.757"","""",""0.761"","""",""0.764"","""",""0.768"","""",""0.772"","""",""0.776"","""",""0.780"","""",""0.784"","""",""0.787"","""",""0.791"","""",""0.793"","""",""0.796"","""""
"140,"" Vanuatu"",""0.688"","""",""0.693"","""",""0.698"","""",""0.702"","""",""0.706"","""",""0.710"","""",""0.714"","""",""0.718"","""",""0.722"","""",""0.725"","""",""0.729"","""",""0.732"","""",""0.735"","""",""0.738"","""",""0.741"","""",""0.744"","""",""0.746"","""",""0.749"","""",""0.751"","""",""0.753"","""",""0.756"","""",""0.758"","""",""0.760"","""",""0.763"","""",""0.765"","""",""0.767"","""",""0.770"","""",""0.772"","""",""0.774"","""",""0.776"","""""
"113,"" Venezuela (Bolivarian Republic of)"",""0.779"","""",""0.782"","""",""0.784"","""",""0.786"","""",""0.788"","""",""0.790"","""",""0.792"","""",""0.794"","""",""0.796"","""",""0.799"","""",""0.802"","""",""0.805"","""",""0.807"","""",""0.810"","""",""0.811"","""",""0.813"","""",""0.814"","""",""0.816"","""",""0.816"","""",""0.817"","""",""0.817"","""",""0.817"","""",""0.816"","""",""0.814"","""",""0.812"","""",""0.809"","""",""0.806"","""",""0.804"","""",""0.802"","""",""0.801"","""""
"117,"" Viet Nam"",""0.778"","""",""0.782"","""",""0.787"","""",""0.791"","""",""0.795"","""",""0.799"","""",""0.803"","""",""0.806"","""",""0.810"","""",""0.813"","""",""0.816"","""",""0.819"","""",""0.822"","""",""0.825"","""",""0.829"","""",""0.832"","""",""0.835"","""",""0.838"","""",""0.840"","""",""0.842"","""",""0.844"","""",""0.845"","""",""0.846"","""",""0.846"","""",""0.847"","""",""0.848"","""",""0.849"","""",""0.850"","""",""0.851"","""",""0.852"","""""
"179,"" Yemen"",""0.575"","""",""0.580"","""",""0.585"","""",""0.590"","""",""0.593"","""",""0.597"","""",""0.601"","""",""0.606"","""",""0.612"","""",""0.619"","""",""0.626"","""",""0.634"","""",""0.643"","""",""0.652"","""",""0.660"","""",""0.669"","""",""0.677"","""",""0.684"","""",""0.691"","""",""0.696"","""",""0.701"","""",""0.704"","""",""0.706"","""",""0.708"","""",""0.709"","""",""0.709"","""",""0.709"","""",""0.709"","""",""0.709"","""",""0.710"","""""
"146,"" Zambia"",""0.450"","""",""0.433"","""",""0.415"","""",""0.399"","""",""0.384"","""",""0.373"","""",""0.365"","""",""0.361"","""",""0.360"","""",""0.363"","""",""0.369"","""",""0.379"","""",""0.391"","""",""0.405"","""",""0.421"","""",""0.438"","""",""0.458"","""",""0.479"","""",""0.502"","""",""0.525"","""",""0.549"","""",""0.571"","""",""0.592"","""",""0.611"","""",""0.628"","""",""0.642"","""",""0.653"","""",""0.662"","""",""0.669"","""",""0.675"","""""
"150,"" Zimbabwe"",""0.586"","""",""0.565"","""",""0.542"","""",""0.518"","""",""0.493"","""",""0.469"","""",""0.446"","""",""0.426"","""",""0.407"","""",""0.392"","""",""0.379"","""",""0.369"","""",""0.362"","""",""0.357"","""",""0.355"","""",""0.358"","""",""0.367"","""",""0.384"","""",""0.408"","""",""0.438"","""",""0.471"","""",""0.506"","""",""0.539"","""",""0.568"","""",""0.591"","""",""0.608"","""",""0.620"","""",""0.628"","""",""0.634"","""",""0.638"","""""
",""Human Development"","""","""","".."","""","".."","""","".."","""","".."","""","".."","""","".."","""","".."","""","".."","""","".."","""","".."","""","".."","""","".."","""","".."","""","".."","""","".."","""","".."","""","".."","""","".."","""","".."","""","".."","""","".."","""","".."","""","".."","""","".."","""","".."","""","".."","""","".."","""","".."","""","".."","""""
" ,""Very high human development"",""0.827"","""",""0.829"","""",""0.831"","""",""0.833"","""",""0.835"","""",""0.837"","""",""0.840"","""",""0.843"","""",""0.846"","""",""0.850"","""",""0.853"","""",""0.856"","""",""0.860"","""",""0.864"","""",""0.868"","""",""0.872"","""",""0.876"","""",""0.880"","""",""0.884"","""",""0.889"","""",""0.893"","""",""0.896"","""",""0.900"","""",""0.903"","""",""0.906"","""",""0.909"","""",""0.911"","""",""0.913"","""",""0.915"","""",""0.917"","""""
" ,""High human development"",""0.738"","""",""0.741"","""",""0.744"","""",""0.747"","""",""0.750"","""",""0.754"","""",""0.757"","""",""0.761"","""",""0.765"","""",""0.770"","""",""0.774"","""",""0.778"","""",""0.782"","""",""0.787"","""",""0.791"","""",""0.795"","""",""0.799"","""",""0.804"","""",""0.808"","""",""0.812"","""",""0.817"","""",""0.821"","""",""0.826"","""",""0.830"","""",""0.834"","""",""0.838"","""",""0.842"","""",""0.845"","""",""0.848"","""",""0.851"","""""
" ,""Medium human development"",""0.596"","""",""0.602"","""",""0.609"","""",""0.615"","""",""0.621"","""",""0.627"","""",""0.633"","""",""0.639"","""",""0.645"","""",""0.651"","""",""0.656"","""",""0.662"","""",""0.667"","""",""0.673"","""",""0.679"","""",""0.685"","""",""0.692"","""",""0.698"","""",""0.705"","""",""0.712"","""",""0.718"","""",""0.725"","""",""0.731"","""",""0.737"","""",""0.742"","""",""0.747"","""",""0.751"","""",""0.755"","""",""0.759"","""",""0.758"","""""
" ,""Low human development"",""0.448"","""",""0.450"","""",""0.452"","""",""0.454"","""",""0.457"","""",""0.460"","""",""0.464"","""",""0.467"","""",""0.472"","""",""0.477"","""",""0.483"","""",""0.489"","""",""0.497"","""",""0.506"","""",""0.515"","""",""0.525"","""",""0.536"","""",""0.547"","""",""0.557"","""",""0.567"","""",""0.576"","""",""0.585"","""",""0.593"","""",""0.601"","""",""0.609"","""",""0.616"","""",""0.623"","""",""0.630"","""",""0.636"","""",""0.638"","""""
" ,""Developing Countries"",""0.661"","""",""0.665"","""",""0.668"","""",""0.672"","""",""0.676"","""",""0.679"","""",""0.683"","""",""0.687"","""",""0.691"","""",""0.695"","""",""0.700"","""",""0.704"","""",""0.709"","""",""0.714"","""",""0.719"","""",""0.724"","""",""0.729"","""",""0.734"","""",""0.740"","""",""0.745"","""",""0.751"","""",""0.756"","""",""0.761"","""",""0.766"","""",""0.771"","""",""0.775"","""",""0.779"","""",""0.783"","""",""0.786"","""",""0.789"","""""
",""Regions"","""","""","".."","""","".."","""","".."","""","".."","""","".."","""","".."","""","".."","""","".."","""","".."","""","".."","""","".."","""","".."","""","".."","""","".."","""","".."","""","".."","""","".."","""","".."","""","".."","""","".."","""","".."","""","".."","""","".."","""","".."","""","".."","""","".."","""","".."","""","".."","""","".."","""""
" ,""Arab States"",""0.683"","""",""0.689"","""",""0.695"","""",""0.700"","""",""0.706"","""",""0.712"","""",""0.717"","""",""0.723"","""",""0.728"","""",""0.732"","""",""0.737"","""",""0.741"","""",""0.745"","""",""0.749"","""",""0.754"","""",""0.758"","""",""0.762"","""",""0.766"","""",""0.770"","""",""0.773"","""",""0.776"","""",""0.779"","""",""0.782"","""",""0.784"","""",""0.787"","""",""0.790"","""",""0.793"","""",""0.796"","""",""0.798"","""",""0.801"","""""
" ,""East Asia and the Pacific"",""0.737"","""",""0.740"","""",""0.742"","""",""0.745"","""",""0.748"","""",""0.751"","""",""0.755"","""",""0.759"","""",""0.763"","""",""0.767"","""",""0.772"","""",""0.777"","""",""0.781"","""",""0.786"","""",""0.791"","""",""0.795"","""",""0.799"","""",""0.804"","""",""0.808"","""",""0.813"","""",""0.817"","""",""0.822"","""",""0.826"","""",""0.830"","""",""0.835"","""",""0.839"","""",""0.843"","""",""0.847"","""",""0.850"","""",""0.853"","""""
" ,""Europe and Central Asia"",""0.727"","""",""0.726"","""",""0.725"","""",""0.724"","""",""0.724"","""",""0.725"","""",""0.727"","""",""0.729"","""",""0.732"","""",""0.736"","""",""0.741"","""",""0.745"","""",""0.750"","""",""0.754"","""",""0.758"","""",""0.763"","""",""0.768"","""",""0.773"","""",""0.779"","""",""0.785"","""",""0.792"","""",""0.798"","""",""0.805"","""",""0.811"","""",""0.817"","""",""0.822"","""",""0.827"","""",""0.831"","""",""0.834"","""",""0.837"","""""
" ,""Latin America and the Caribbean"",""0.743"","""",""0.748"","""",""0.753"","""",""0.759"","""",""0.764"","""",""0.769"","""",""0.774"","""",""0.780"","""",""0.785"","""",""0.790"","""",""0.795"","""",""0.799"","""",""0.804"","""",""0.808"","""",""0.812"","""",""0.816"","""",""0.819"","""",""0.823"","""",""0.826"","""",""0.829"","""",""0.832"","""",""0.835"","""",""0.837"","""",""0.840"","""",""0.843"","""",""0.845"","""",""0.848"","""",""0.850"","""",""0.853"","""",""0.855"","""""
" ,""South Asia"",""0.591"","""",""0.599"","""",""0.607"","""",""0.615"","""",""0.623"","""",""0.630"","""",""0.637"","""",""0.644"","""",""0.651"","""",""0.658"","""",""0.664"","""",""0.670"","""",""0.676"","""",""0.682"","""",""0.688"","""",""0.694"","""",""0.700"","""",""0.706"","""",""0.712"","""",""0.719"","""",""0.725"","""",""0.732"","""",""0.738"","""",""0.743"","""",""0.748"","""",""0.753"","""",""0.757"","""",""0.761"","""",""0.765"","""",""0.768"","""""
" ,""Sub-Saharan Africa"",""0.463"","""",""0.462"","""",""0.461"","""",""0.460"","""",""0.459"","""",""0.458"","""",""0.458"","""",""0.458"","""",""0.458"","""",""0.460"","""",""0.463"","""",""0.468"","""",""0.474"","""",""0.481"","""",""0.491"","""",""0.501"","""",""0.513"","""",""0.525"","""",""0.537"","""",""0.550"","""",""0.562"","""",""0.573"","""",""0.584"","""",""0.595"","""",""0.604"","""",""0.613"","""",""0.620"","""",""0.627"","""",""0.634"","""",""0.639"","""""
" ,""Least Developed Countries"",""0.488"","""",""0.492"","""",""0.497"","""",""0.501"","""",""0.507"","""",""0.513"","""",""0.519"","""",""0.525"","""",""0.532"","""",""0.539"","""",""0.546"","""",""0.553"","""",""0.562"","""",""0.570"","""",""0.579"","""",""0.589"","""",""0.598"","""",""0.608"","""",""0.618"","""",""0.627"","""",""0.637"","""",""0.646"","""",""0.654"","""",""0.662"","""",""0.669"","""",""0.676"","""",""0.682"","""",""0.688"","""",""0.693"","""",""0.698"","""""
" ,""Small Island Developing States"",""0.705"","""",""0.708"","""",""0.712"","""",""0.715"","""",""0.718"","""",""0.722"","""",""0.725"","""",""0.728"","""",""0.732"","""",""0.735"","""",""0.739"","""",""0.742"","""",""0.745"","""",""0.749"","""",""0.753"","""",""0.756"","""",""0.760"","""",""0.764"","""",""0.768"","""",""0.771"","""",""0.774"","""",""0.777"","""",""0.780"","""",""0.783"","""",""0.786"","""",""0.789"","""",""0.792"","""",""0.795"","""",""0.798"","""",""0.800"","""""
" ,""Organization for Economic Co-operation and Development"",""0.842"","""",""0.846"","""",""0.849"","""",""0.852"","""",""0.856"","""",""0.860"","""",""0.863"","""",""0.867"","""",""0.871"","""",""0.875"","""",""0.879"","""",""0.883"","""",""0.887"","""",""0.891"","""",""0.894"","""",""0.898"","""",""0.901"","""",""0.904"","""",""0.908"","""",""0.911"","""",""0.913"","""",""0.916"","""",""0.918"","""",""0.920"","""",""0.922"","""",""0.924"","""",""0.926"","""",""0.927"","""",""0.929"","""",""0.929"","""""
" ,""World"",""0.699"","""",""0.701"","""",""0.704"","""",""0.707"","""",""0.710"","""",""0.713"","""",""0.716"","""",""0.720"","""",""0.723"","""",""0.727"","""",""0.731"","""",""0.735"","""",""0.739"","""",""0.744"","""",""0.748"","""",""0.753"","""",""0.758"","""",""0.763"","""",""0.768"","""",""0.773"","""",""0.778"","""",""0.782"","""",""0.787"","""",""0.792"","""",""0.796"","""",""0.799"","""",""0.803"","""",""0.806"","""",""0.809"","""",""0.812"","""""
